SDO_CODE,ACCT_ID,LAST OK REDING SEP_26,BILL_BASIS,PROBE LOCK UNLOCK
SDO4844315,2968980601,2810,MU,LMV-2
SDO4844315,6860861100,745,MU,LMV-2
SDO4844315,3103200100,2700,PROV,LMV-2
SDO4844315,2566209000,3285,MU,LMV-2
SDO4844315,4314558000,2389,PROV,LMV-2
SDO4844315,5912019000,3791,MU,LMV-2
SDO4844315,3350263447,2265,MU,LMV-2
SDO4844315,5845898000,3820,PROV,LMV-2
SDO4844315,798361936,4391,CEIL,LMV-2
SDO4844315,7219212100,2675,MU,LMV-2
SDO4844315,6971748000,8390,MU,LMV-2
SDO4844315,7698691100,4053,MU,LMV-2
SDO4844315,9463749000,4425,PROV,LMV-2
SDO4844315,5223900100,1563,MU,LMV-2
SDO4844315,5529019000,4889,MU,LMV-2
SDO4844315,4656519000,3245,MU,LMV-2
SDO4844315,1218968000,6765,PROV,LMV-2
SDO4844315,7917354519,2152,MU,LMV-2
SDO4844315,9252609000,3267,MU,LMV-2
SDO4844315,1326210100,19323,PROV,LMV-2
SDO4844315,6308581100,3245,PROV,LMV-2
SDO4844315,699610100,3304,PROV,LMV-2
SDO4844315,114940100,4146,MU,LMV-2
SDO4844315,4445711100,2920,PROV,LMV-2
SDO4844315,2688179000,2905,PROV,LMV-2
SDO4844315,7050272818,742,PROV,LMV-2
SDO4844315,920089000,1339,MU,LMV-2
SDO4844315,67029000,5658,PROV,LMV-2
SDO4844315,3969402100,3988,MU,LMV-2
SDO4844315,6421409000,14922,MU,LMV-2
SDO4844315,8880050100,2298,MU,LMV-2
SDO4844315,7145928000,6890,ASS,LMV-2
SDO4844315,1092402100,2120,ASS,LMV-2
SDO4844315,6006901100,7655,PROV,LMV-2
SDO4844315,2728810100,2489,MU,LMV-2
SDO4844315,3315869000,3790,PROV,LMV-2
SDO4844315,7406968000,389,MU,LMV-2
SDO4844315,2804374580,1164,PROV,LMV-2
SDO4844315,3669630100,4906,MU,LMV-2
SDO4844315,6013268000,4764,MU,LMV-2
SDO4844315,8438280100,4130,PROV,LMV-2
SDO4844315,8092078000,1556,MU,LMV-2
SDO4844315,9794019000,1241,0,LMV-2
SDO4844315,3230303719,4436,MU,LMV-2
SDO4844315,7263698000,2598,PROV,LMV-2
SDO4844315,1978070100,3370,PROV,LMV-2
SDO4844315,5957969000,406,ASS,LMV-2
SDO4844315,3295359000,1823,PROV,LMV-2
SDO4844315,7175659000,3585,MU,LMV-2
SDO4844315,2820929000,3389,PROV,LMV-2
SDO4844315,415699000,8250,PROV,LMV-2
SDO4844315,7543190100,5202,PROV,LMV-2
SDO4844315,6269750100,1470,PROV,LMV-2
SDO4844315,4045939000,5665,PROV,LMV-2
SDO4844315,2710771610,3612,PROV,LMV-2
SDO4844315,8957729000,1864,PROV,LMV-2
SDO4844315,9322330100,5984,MU,LMV-2
SDO4844315,183000100,3498,PROV,LMV-2
SDO4844315,5635668000,3389,PROV,LMV-2
SDO4844315,8183749000,2950,MU,LMV-2
SDO4844315,535602100,2344,PROV,LMV-2
SDO4844315,7630221100,2729,PROV,LMV-2
SDO4844315,6394368000,4399,MU,LMV-2
SDO4844315,8477469000,4621,PROV,LMV-2
SDO4844315,5261881100,1902,PROV,LMV-2
SDO4844315,7191688000,3291,PROV,LMV-2
SDO4844315,3056000100,3967,PROV,LMV-2
SDO4844315,6075310100,668285,PROV,LMV-2
SDO4844315,7240788000,14317,ASS,LMV-2
SDO4844315,4560430100,106,MU,LMV-2
SDO4844315,1378819000,3513,PROV,LMV-2
SDO4844315,8877688000,2640,MU,LMV-2
SDO4844315,7267769000,4619,MU,LMV-2
SDO4844315,6413069000,1534,PROV,LMV-2
SDO4844315,5676878000,3235,PROV,LMV-2
SDO4844315,3526708156,149,ASS,LMV-2
SDO4844315,1474869000,6614,PROV,LMV-2
SDO4844315,3791019000,3265,PROV,LMV-2
SDO4844315,7390288000,2451,PROV,LMV-2
SDO4844315,9391802100,7750,PROV,LMV-2
SDO4844315,4107620100,5268,MU,LMV-2
SDO4844315,3392148000,11429,PROV,LMV-2
SDO4844315,7743610100,458.97,MU,LMV-2
SDO4844315,6109351100,1999,MU,LMV-2
SDO4844315,8028971763,6031,MU,LMV-2
SDO4844315,1984901100,1181,ASS,LMV-2
SDO4844315,9721550633,645,PROV,LMV-2
SDO4844315,3527161100,1050,MU,LMV-2
SDO4844315,8574819000,6160,ASS,LMV-2
SDO4844315,861889000,20034,ASS,LMV-2
SDO4844315,7307538173,1875,MU,LMV-2
SDO4844315,2251898000,6280,0,LMV-2
SDO4844315,8561641100,1778,ASS,LMV-2
SDO4844315,5779140100,5372,PROV,LMV-2
SDO4844315,6414549000,3224,PROV,LMV-2
SDO4844315,2274401100,13972,CEIL,LMV-2
SDO4844315,7795568000,3655,PROV,LMV-2
SDO4844315,4410520100,5399,PROV,LMV-2
SDO4844315,9527521131,1126,MU,LMV-2
SDO4844315,294419000,3196,CEIL,LMV-2
SDO4844315,9530691100,6386,PROV,LMV-2
SDO4844315,2442288000,5099,PROV,LMV-2
SDO4844315,7097020100,5813,PROV,LMV-2
SDO4844315,1540309000,5783,MU,LMV-2
SDO4844315,5930856122,4675,MU,LMV-2
SDO4844315,4995878000,1897,PROV,LMV-2
SDO4844315,6899089000,1203,MU,LMV-2
SDO4844315,3045359000,8636,CEIL,LMV-2
SDO4844315,5466351100,1575,ASS,LMV-2
SDO4844315,8357706166,2425,PROV,LMV-2
SDO4844315,7412849000,5443,PROV,LMV-2
SDO4844315,6596758000,3204,PROV,LMV-2
SDO4844315,3077560100,9020,PROV,LMV-2
SDO4844315,5138329000,4316,MU,LMV-2
SDO4844315,5989570100,5520,MU,LMV-2
SDO4844315,7140788000,8050,PROV,LMV-2
SDO4844315,5291800100,2085,PROV,LMV-2
SDO4844315,3546869000,2539,MU,LMV-2
SDO4844315,6498489000,4764,PROV,LMV-2
SDO4844315,135939000,4956,PROV,LMV-2
SDO4844315,5605308184,825,MU,LMV-2
SDO4844315,3339147031,2013,PROV,LMV-2
SDO4844315,109391100,4599,PROV,LMV-2
SDO4844315,4455911100,4218,ASS,LMV-2
SDO4844315,5641940100,3660,PROV,LMV-2
SDO4844315,5367738000,5699,MU,LMV-2
SDO4844315,9654139000,6472,MU,LMV-2
SDO4844315,5088199000,4467,PROV,LMV-2
SDO4844315,4502903259,5420,PROV,LMV-2
SDO4844315,1716363342,3330,PROV,LMV-2
SDO4844315,7273349000,8271,ASS,LMV-2
SDO4844315,5756610100,7436,MU,LMV-2
SDO4844315,3382802100,3140,PROV,LMV-2
SDO4844315,2989820100,8947,PROV,LMV-2
SDO4844315,9739870100,6051,0,LMV-2
SDO4844315,1483940100,6303,PROV,LMV-2
SDO4844315,2726711100,4122,PROV,LMV-2
SDO4844315,3415219000,2960,ASS,LMV-2
SDO4844315,5351198000,14116,PROV,LMV-2
SDO4844315,4464454390,3368,PROV,LMV-2
SDO4844315,9045738000,3675,PROV,LMV-2
SDO4844315,4446188384,3370,MU,LMV-2
SDO4844315,4892968000,9082,PROV,LMV-2
SDO4844315,1338031973,1550,PROV,LMV-2
SDO4844315,6433280100,3409,PROV,LMV-2
SDO4844315,9861148000,3390,PROV,LMV-2
SDO4844315,6966260100,8590,PROV,LMV-2
SDO4844315,8980710100,8545,MU,LMV-2
SDO4844315,9197939000,8380,PROV,LMV-2
SDO4844315,6945341100,6406,MU,LMV-2
SDO4844315,8924178126,1909,MU,LMV-2
SDO4844315,2706676573,491,PROV,LMV-2
SDO4844315,7437511100,4680,PROV,LMV-2
SDO4844315,7418931100,4070,PROV,LMV-2
SDO4844315,232612100,2310,ASS,LMV-2
SDO4844315,5039738000,3120,PROV,LMV-2
SDO4844315,7350070100,1784,PROV,LMV-2
SDO4844315,890470100,4542,PROV,LMV-2
SDO4844315,9787000100,4185,ASS,LMV-2
SDO4844315,3478570100,4695,PROV,LMV-2
SDO4844315,7449390100,20935,ASS,LMV-2
SDO4844315,3310338000,3640,PROV,LMV-2
SDO4844315,4464709000,4910,PROV,LMV-2
SDO4844315,7446178000,8972,PROV,LMV-2
SDO4844315,671569699,4082,PROV,LMV-2
SDO4844315,2069620100,6514,PROV,LMV-2
SDO4844315,605000100,5094,PROV,LMV-2
SDO4844315,8998978000,5533,0,LMV-2
SDO4844315,5109391100,4970,PROV,LMV-2
SDO4844315,3226758000,3679,PROV,LMV-2
SDO4844315,8049399000,4499,PROV,LMV-2
SDO4844315,7312661100,4224,MU,LMV-2
SDO4844315,9367120100,4405,MU,LMV-2
SDO4844315,5785890100,3526,PROV,LMV-2
SDO4844315,4120528142,3538,PROV,LMV-2
SDO4844315,7297531100,6216,PROV,LMV-2
SDO4844315,5353439658,1367,MU,LMV-2
SDO4844315,8100889000,8472,MU,LMV-2
SDO4844315,6377279000,5099,PROV,LMV-2
SDO4844315,9281881100,3569,PROV,LMV-2
SDO4844315,8458948000,5992,MU,LMV-2
SDO4844315,5428330100,12775,PROV,LMV-2
SDO4844315,3310198000,8806,PROV,LMV-2
SDO4844315,2428688000,2155,PROV,LMV-2
SDO4844315,6364139000,5730,PROV,LMV-2
SDO4844315,8496419000,15930,PROV,LMV-2
SDO4844315,9747591100,21180,PROV,LMV-2
SDO4844315,2601838000,5198,MU,LMV-2
SDO4844315,2136349000,4350,PROV,LMV-2
SDO4844315,9573849000,41099,PROV,LMV-2
SDO4844315,755841100,2680,ASS,LMV-2
SDO4844315,2948379000,3061,PROV,LMV-2
SDO4844315,6434150100,26385,MU,LMV-2
SDO4844315,6275559000,3238,MU,LMV-2
SDO4844315,447153796,2463,PROV,LMV-2
SDO4844315,1836210100,4039,PROV,LMV-2
SDO4844315,2096528000,2475,MU,LMV-2
SDO4844315,9306551100,8948,MU,LMV-2
SDO4844315,4760539000,4268,PROV,LMV-2
SDO4844315,778341100,5219,MU,LMV-2
SDO4844315,1050659000,4089,PROV,LMV-2
SDO4844315,8382050100,3214,MU,LMV-2
SDO4844315,7082409000,4155,PROV,LMV-2
SDO4844315,6591268000,1080,MU,LMV-2
SDO4844315,4030053723,5580,PROV,LMV-2
SDO4844315,8430831100,12035,MU,LMV-2
SDO4844315,731948000,16607,PROV,LMV-2
SDO4844315,1289391100,6689,PROV,LMV-2
SDO4844315,3520721018,3432,PROV,LMV-2
SDO4844315,7953259000,9570,PROV,LMV-2
SDO4844315,8258040100,3209,PROV,LMV-2
SDO4844315,4369639000,15120,MU,LMV-2
SDO4844315,7635941100,10043,PROV,LMV-2
SDO4844315,2533280100,4583,MU,LMV-2
SDO4844315,888370100,10398,PROV,LMV-2
SDO4844315,5521098000,4227,PROV,LMV-2
SDO4844315,6927219000,3748,PROV,LMV-2
SDO4844315,4504001100,3542,ASS,LMV-2
SDO4844315,6733730100,3333,PROV,LMV-2
SDO4844315,6356330100,5109,PROV,LMV-2
SDO4844315,2119369000,4725,PROV,LMV-2
SDO4844315,8318180100,3333,ASS,LMV-2
SDO4844315,4611268000,7938,PROV,LMV-2
SDO4844315,2540000100,2964,MU,LMV-2
SDO4844315,1800528000,2750,PROV,LMV-2
SDO4844315,1979369000,3999,MU,LMV-2
SDO4844315,6251449000,33351,PROV,LMV-2
SDO4844315,4235602443,1286,PROV,LMV-2
SDO4844315,6320002100,3640,MU,LMV-2
SDO4844315,8589406419,2652,PROV,LMV-2
SDO4844315,6110412100,20424,MU,LMV-2
SDO4844315,1046541100,4790,PROV,LMV-2
SDO4844315,2759951100,6182,PROV,LMV-2
SDO4844315,3752240100,7181,MU,LMV-2
SDO4844315,1766578000,5809,MU,LMV-2
SDO4844315,9107620100,5339,MU,LMV-2
SDO4844315,2988408242,16030,PROV,LMV-2
SDO4844315,307701100,4279,PROV,LMV-2
SDO4844315,603640100,14499,ASS,LMV-2
SDO4844315,6489901100,3618,PROV,LMV-2
SDO4844315,9523069000,19510,PROV,LMV-2
SDO4844315,4000011100,13260,MU,LMV-2
SDO4844315,1134611100,12295,PROV,LMV-2
SDO4844315,8140469000,3722,PROV,LMV-2
SDO4844315,3303330100,3840,PROV,LMV-2
SDO4844315,9279959000,13792,MU,LMV-2
SDO4844315,631271100,5290,0,LMV-2
SDO4844315,5976701100,3788,MU,LMV-2
SDO4844315,1415631100,4858,PROV,LMV-2
SDO4844315,8207061100,4515,PROV,LMV-2
SDO4844315,9783531100,4457,PROV,LMV-2
SDO4844315,6706520100,10696,MU,LMV-2
SDO4844315,4814898000,3452,PROV,LMV-2
SDO4844315,6120764741,3009,PROV,LMV-2
SDO4844315,5478531100,6996,ASS,LMV-2
SDO4844315,6443148000,3977,MU,LMV-2
SDO4844315,7541100100,7006,PROV,LMV-2
SDO4844315,3748398000,1295,PROV,LMV-2
SDO4844315,9808679000,5750,PROV,LMV-2
SDO4844315,876590100,6567,PROV,LMV-2
SDO4844315,8955520100,14472,CEIL,LMV-2
SDO4844315,7444401100,6355,MU,LMV-2
SDO4844315,3717771100,4189,MU,LMV-2
SDO4844315,7566660100,3838,PROV,LMV-2
SDO4844315,5399140100,9993,PROV,LMV-2
SDO4844315,4582159000,5762,ASS,LMV-2
SDO4844315,4810461100,5235,MU,LMV-2
SDO4844315,9077280100,11880,PROV,LMV-2
SDO4844315,1135150100,3445,PROV,LMV-2
SDO4844315,3406568000,8265,PROV,LMV-2
SDO4844315,5538940100,20986,PROV,LMV-2
SDO4844315,5812998000,9752,PROV,LMV-2
SDO4844315,9061148000,6614,PROV,LMV-2
SDO4844315,8130441100,6999,MU,LMV-2
SDO4844315,8055679000,16925,MU,LMV-2
SDO4844315,4052541928,3789,PROV,LMV-2
SDO4844315,7917330100,6450,MU,LMV-2
SDO4844315,5716959000,8710,PROV,LMV-2
SDO4844315,309829000,2085,PROV,LMV-2
SDO4844315,9627271100,22610,PROV,LMV-2
SDO4844315,2387620100,3853,ASS,LMV-2
SDO4844315,3995358000,10423,MU,LMV-2
SDO4844315,9203849000,5287,PROV,LMV-2
SDO4844315,6279038000,199,ASS,LMV-2
SDO4844315,5444769000,25705,MU,LMV-2
SDO4844315,813889000,5370,PROV,LMV-2
SDO4844315,8660050100,6588,ASS,LMV-2
SDO4844315,5494540100,8070,PROV,LMV-2
SDO4844315,2807738000,5565,PROV,LMV-2
SDO4844315,1088991428,4655,MU,LMV-2
SDO4844315,4782899000,14275,PROV,LMV-2
SDO4844315,4722850100,6375,PROV,LMV-2
SDO4844315,3314100100,4810,PROV,LMV-2
SDO4844315,232870100,9766,PROV,LMV-2
SDO4844315,581449000,49100,PROV,LMV-2
SDO4844315,2140329000,6182,MU,LMV-2
SDO4844315,3586590100,43285,MU,LMV-2
SDO4844315,5540539000,1805,MU,LMV-2
SDO4844315,4297778000,3275,PROV,LMV-4B
SDO4844315,2119579000,5837,PROV,LMV-4B
SDO4844315,43010100,7095,PROV,LMV-4B
SDO4844315,3157209000,10313,0,LMV-4B
SDO4844315,7030255584,300,PROV,LMV-6
SDO4844315,3256711100,7560,MU,LMV-6
SDO4844315,9486610100,2408,ASS,LMV-6
SDO4844315,4080312100,674005,CEIL,LMV-6
SDO4844315,1194710100,11037,PROV,LMV-6
SDO4844315,9819391100,813,ASS,PROBE
SDO4844315,3735121100,2589,ASS,PROBE
SDO4844315,8966781100,1153,ASS,PROBE
SDO4844315,719389533,1690,MU,PROBE
SDO4844315,5357378000,3459,PROV,PROBE
SDO4844315,4565349000,3832,MU,PROBE
SDO4844315,8884688530,2345,PROV,PROBE
SDO4844315,1461380100,3288,PROV,PROBE
SDO4844315,5111449000,4015,PROV,PROBE
SDO4844315,6673402100,3251,ASS,PROBE
SDO4844315,6923148000,4515,PROV,PROBE
SDO4844315,6379181100,5013,CEIL,PROBE
SDO4844315,8233800100,1248,PROV,PROBE
SDO4844315,896701100,2513,PROV,PROBE
SDO4844315,594729000,8716,CEIL,PROBE
SDO4844315,6749140100,5377,MU,PROBE
SDO4844315,2368419000,920,PROV,PROBE
SDO4844315,1961402100,2746,MU,PROBE
SDO4844315,8318070100,2249,PROV,PROBE
SDO4844315,2552330100,2417,PROV,PROBE
SDO4844315,9318168000,1906,MU,PROBE
SDO4844315,1055029000,3877,MU,PROBE
SDO4844315,9108512100,3240,PROV,PROBE
SDO4844315,7527469000,1730,MU,PROBE
SDO4844315,2800100100,4213,PROV,PROBE
SDO4844315,7535808361,2670,PROV,PROBE
SDO4844315,4618531100,2908,MU,PROBE
SDO4844315,6711898000,3519,MU,PROBE
SDO4844315,7216721100,3109,MU,PROBE
SDO4844315,9109179000,3043,MU,PROBE
SDO4844315,846311100,14815,PROV,PROBE
SDO4844315,8082881100,631,PROV,PROBE
SDO4844315,9106579000,4014,PROV,PROBE
SDO4844315,7622850100,2745,MU,PROBE
SDO4844315,7545041100,2735,ASS,PROBE
SDO4844315,6312802100,3434,MU,PROBE
SDO4844315,7715710471,846,ASS,PROBE
SDO4844315,8404150100,4955,MU,PROBE
SDO4844315,1560449000,3374,MU,PROBE
SDO4844315,2603968313,3516,MU,PROBE
SDO4844315,4485133340,448,PROV,PROBE
SDO4844315,6345401100,2766,ASS,PROBE
SDO4844315,559420100,4822,PROV,PROBE
SDO4844315,4833200100,2752,MU,PROBE
SDO4844315,719160100,5435,PROV,PROBE
SDO4844315,5597379000,2990,MU,PROBE
SDO4844315,2923449000,3672,MU,PROBE
SDO4844315,4273927965,781,MU,PROBE
SDO4844315,435359000,3826,PROV,PROBE
SDO4844315,6608568000,2875,PROV,PROBE
SDO4844315,1370739000,4933,MU,PROBE
SDO4844315,7090730304,2205,MU,PROBE
SDO4844315,6758581100,2950,MU,PROBE
SDO4844315,5430089000,4285,PROV,PROBE
SDO4844315,6310012100,2782,ASS,PROBE
SDO4844315,347945292,3025,PROV,PROBE
SDO4844315,9983131100,15425,PROV,PROBE
SDO4844315,9308321100,2535,ASS,PROBE
SDO4844315,8210271100,2197,ASS,PROBE
SDO4844315,8224550100,4752,PROV,PROBE
SDO4844315,8884148000,3435,MU,PROBE
SDO4844315,2008751100,2310,MU,PROBE
SDO4844315,8898329000,3379,MU,PROBE
SDO4844315,3084709000,4071,MU,PROBE
SDO4844315,6047761100,3251,ASS,PROBE
SDO4844315,9279679000,4805,MU,PROBE
SDO4844315,8078807362,805,PROV,PROBE
SDO4844315,7038681100,110900,PROV,PROBE
SDO4844315,2783450100,4332,MU,PROBE
SDO4844315,7678959000,3174,PROV,PROBE
SDO4844315,6927141100,1279,PROV,PROBE
SDO4844315,6464560100,6752,MU,PROBE
SDO4844315,7172758000,6076,MU,PROBE
SDO4844315,2330528000,3286,MU,PROBE
SDO4844315,9311212100,1865,PROV,PROBE
SDO4844315,8268760100,8199,CEIL,PROBE
SDO4844315,7648280100,4850,PROV,PROBE
SDO4844315,7509981100,3532,MU,PROBE
SDO4844315,7461291100,3880,MU,PROBE
SDO4844315,30500100,3745,PROV,PROBE
SDO4844315,7094609000,2322,PROV,PROBE
SDO4844315,6284959000,4442,PROV,PROBE
SDO4844315,3985121100,6636,MU,PROBE
SDO4844315,4770671100,3566,PROV,PROBE
SDO4844315,4365368000,3394,MU,PROBE
SDO4844315,6929548000,3917,MU,PROBE
SDO4844315,3691482478,1465,MU,PROBE
SDO4844315,7181051100,3682,ASS,PROBE
SDO4844315,4480248000,3011,PROV,PROBE
SDO4844315,2521625684,1250,PROV,PROBE
SDO4844315,1432802100,2725,PROV,PROBE
SDO4844315,574921100,2370,MU,PROBE
SDO4844315,9579951100,2865,PROV,PROBE
SDO4844315,1389761100,3365,PROV,PROBE
SDO4844315,6603078000,7115,PROV,PROBE
SDO4844315,9169089000,7969,MU,PROBE
SDO4844315,7483516612,3305,PROV,PROBE
SDO4844315,8815231100,7499,CEIL,PROBE
SDO4844315,6077169000,4214,MU,PROBE
SDO4844315,6119579000,3369,MU,PROBE
SDO4844315,6829429977,2332,PROV,PROBE
SDO4844315,308188000,2600,MU,PROBE
SDO4844315,1302928000,2410,PROV,PROBE
SDO4844315,4339959000,4460,MU,PROBE
SDO4844315,3772688000,4013,MU,PROBE
SDO4844315,4801329000,3781,MU,PROBE
SDO4844315,1128317675,1497,MU,PROBE
SDO4844315,3193501100,3801,PROV,PROBE
SDO4844315,4835602100,3237,MU,PROBE
SDO4844315,4622168000,2866,PROV,PROBE
SDO4844315,1937511100,1900,ASS,PROBE
SDO4844315,2214244460,380,PROV,PROBE
SDO4844315,51799178,3565,PROV,PROBE
SDO4844315,802240322,950,MU,PROBE
SDO4844315,5023801100,2879,PROV,PROBE
SDO4844315,2439551100,4355,PROV,PROBE
SDO4844315,827389000,2385,MU,PROBE
SDO4844315,110558568,2248,MU,PROBE
SDO4844315,4316761100,5059,ASS,PROBE
SDO4844315,7435349000,4022,MU,PROBE
SDO4844315,8961002100,2106,ASS,PROBE
SDO4844315,7324869000,2108,PROV,PROBE
SDO4844315,6291458000,3245,PROV,PROBE
SDO4844315,1419020100,1893,MU,PROBE
SDO4844315,2985759000,3917,MU,PROBE
SDO4844315,7027160100,1404,ASS,PROBE
SDO4844315,5816260100,1852,MU,PROBE
SDO4844315,100100,2494,PROV,PROBE
SDO4844315,988140100,5242,PROV,PROBE
SDO4844315,359341100,3412,MU,PROBE
SDO4844315,7718750100,2038,MU,PROBE
SDO4844315,3481851100,1867,MU,PROBE
SDO4844315,9019721100,2777,MU,PROBE
SDO4844315,60478000,3600,PROV,PROBE
SDO4844315,9596081100,3490,PROV,PROBE
SDO4844315,8234948000,6120,MU,PROBE
SDO4844315,3286590100,3422,PROV,PROBE
SDO4844315,1115520100,2789,MU,PROBE
SDO4844315,9106928000,3262,PROV,PROBE
SDO4844315,9185917854,216,ASS,PROBE
SDO4844315,1511460861,1658,MU,PROBE
SDO4844315,2414348083,618,PROV,PROBE
SDO4844315,6943871100,3825,MU,PROBE
SDO4844315,6089959000,1025,PROV,PROBE
SDO4844315,6496349000,2979,PROV,PROBE
SDO4844315,2867082055,4799,MU,PROBE
SDO4844315,6252340100,6656,MU,PROBE
SDO4844315,2129902100,3405,PROV,PROBE
SDO4844315,4325869000,3637,PROV,PROBE
SDO4844315,7535950100,4325,MU,PROBE
SDO4844315,813802100,3182,MU,PROBE
SDO4844315,911049000,3252,CEIL,PROBE
SDO4844315,6546666390,1510,PROV,PROBE
SDO4844315,9795000100,3126,MU,PROBE
SDO4844315,1003402100,3628,PROV,PROBE
SDO4844315,2797112100,3137,MU,PROBE
SDO4844315,7410869000,8666,MU,PROBE
SDO4844315,7754690100,3208,MU,PROBE
SDO4844315,2876190100,2302,ASS,PROBE
SDO4844315,2069581100,2530,PROV,PROBE
SDO4844315,680660100,1120,PROV,PROBE
SDO4844315,8775625494,2260,MU,PROBE
SDO4844315,4314231100,4660,MU,PROBE
SDO4844315,5410349000,2020,PROV,PROBE
SDO4844315,1296064068,1699,MU,PROBE
SDO4844315,1376781100,2803,ASS,PROBE
SDO4844315,950648000,5706,PROV,PROBE
SDO4844315,3985119000,4350,MU,PROBE
SDO4844315,533069000,4480,PROV,PROBE
SDO4844315,7708271100,5368,MU,PROBE
SDO4844315,9142058000,4505,PROV,PROBE
SDO4844315,6291539000,2624,MU,PROBE
SDO4844315,1488398000,6339,MU,PROBE
SDO4844315,7636010100,2346,ASS,PROBE
SDO4844315,9679739969,1489,PROV,PROBE
SDO4844315,7077230100,12285,PROV,PROBE
SDO4844315,6961450903,1408,MU,PROBE
SDO4844315,5224011100,1088,MU,PROBE
SDO4844315,6280861100,5264,ASS,PROBE
SDO4844315,9651691100,4109,PROV,PROBE
SDO4844315,8708531100,3180,MU,PROBE
SDO4844315,5669531100,3017,MU,PROBE
SDO4844315,9815778000,5305,PROV,PROBE
SDO4844315,3813539000,6520,PROV,PROBE
SDO4844315,8629579000,2835,PROV,PROBE
SDO4844315,2976688000,4246,PROV,PROBE
SDO4844315,4394316475,2761,PROV,PROBE
SDO4844315,9596470100,2050,PROV,PROBE
SDO4844315,3888102100,2803,PROV,PROBE
SDO4844315,9535551100,4060,PROV,PROBE
SDO4844315,5725084917,2205,MU,PROBE
SDO4844315,9453222171,2260,MU,PROBE
SDO4844315,1703871100,1210,ASS,PROBE
SDO4844315,720489000,2842,ASS,PROBE
SDO4844315,5563939000,4632,PROV,PROBE
SDO4844315,7619531100,2749,PROV,PROBE
SDO4844315,3738688000,5360,PROV,PROBE
SDO4844315,8399502100,1392,MU,PROBE
SDO4844315,4864460625,1509,MU,PROBE
SDO4844315,7841291100,5516,CEIL,PROBE
SDO4844315,2004801100,1140,MU,PROBE
SDO4844315,1612490315,2200,PROV,PROBE
SDO4844315,5869112100,7106,MU,PROBE
SDO4844315,8827591100,2660,ASS,PROBE
SDO4844315,7187103687,1977,PROV,PROBE
SDO4844315,1548878000,3618,PROV,PROBE
SDO4844315,3561119000,3534,PROV,PROBE
SDO4844315,385759000,2186,PROV,PROBE
SDO4844315,6454769000,3785,PROV,PROBE
SDO4844315,8684990100,3320,PROV,PROBE
SDO4844315,6066588000,2265,PROV,PROBE
SDO4844315,186330100,4886,MU,PROBE
SDO4844315,8529002100,5480,PROV,PROBE
SDO4844315,6159381100,1242,ASS,PROBE
SDO4844315,6462431898,536,MU,PROBE
SDO4844315,7525939000,4390,PROV,PROBE
SDO4844315,2930976110,1825,MU,PROBE
SDO4844315,1224100100,4700,PROV,PROBE
SDO4844315,8111989000,5795,MU,PROBE
SDO4844315,1685171100,2505,PROV,PROBE
SDO4844315,9585841100,4500,PROV,PROBE
SDO4844315,8727578000,5320,MU,PROBE
SDO4844315,1729151100,2110,MU,PROBE
SDO4844315,566321100,3826,MU,PROBE
SDO4844315,2221412100,3519,MU,PROBE
SDO4844315,2926099872,1350,MU,PROBE
SDO4844315,224446225,1154,PROV,PROBE
SDO4844315,3862853036,1265,PROV,PROBE
SDO4844315,1539312100,1485,ASS,PROBE
SDO4844315,3698779000,0,ASS,PROBE
SDO4844315,721271100,1036,MU,PROBE
SDO4844315,1912000100,4800,PROV,PROBE
SDO4844315,427679000,4758,PROV,PROBE
SDO4844315,1236190100,2500,MU,PROBE
SDO4844315,8894769000,6214,ASS,PROBE
SDO4844315,9507960100,2593,PROV,PROBE
SDO4844315,7205990100,18344,PROV,PROBE
SDO4844315,8439349000,7622,MU,PROBE
SDO4844315,651548000,4640,PROV,PROBE
SDO4844315,4296588000,2550,PROV,PROBE
SDO4844315,9647511100,4010,PROV,PROBE
SDO4844315,3512024234,7332,CEIL,PROBE
SDO4844315,6854548000,4324,MU,PROBE
SDO4844315,8828751100,5185,PROV,PROBE
SDO4844315,8434178300,897,MU,PROBE
SDO4844315,9073401100,6841,ASS,PROBE
SDO4844315,4406111100,4373,MU,PROBE
SDO4844315,384950100,3655,PROV,PROBE
SDO4844315,2233710100,2540,MU,PROBE
SDO4844315,2217990100,3382,MU,PROBE
SDO4844315,5380050100,2509,MU,PROBE
SDO4844315,1631119000,3230,PROV,PROBE
SDO4844315,2169139000,21520,PROV,PROBE
SDO4844315,2897788000,4545,MU,PROBE
SDO4844315,764710100,3850,MU,PROBE
SDO4844315,2409232258,1070,PROV,PROBE
SDO4844315,9660551625,436,PROV,PROBE
SDO4844315,1237638000,3790,MU,PROBE
SDO4844315,8277111100,4215,PROV,PROBE
SDO4844315,7036758000,2650,MU,PROBE
SDO4844315,9334150100,3645,PROV,PROBE
SDO4844315,7364568000,2619,MU,PROBE
SDO4844315,149312100,5522,MU,PROBE
SDO4844315,1566190100,2492,ASS,PROBE
SDO4844315,9394421100,3695,PROV,PROBE
SDO4844315,8074919000,746,MU,PROBE
SDO4844315,7748199000,3071,PROV,PROBE
SDO4844315,887000100,34226,CEIL,PROBE
SDO4844315,5496990100,11192,ASS,PROBE
SDO4844315,979390100,3062,ASS,PROBE
SDO4844315,9278791100,3695,ASS,PROBE
SDO4844315,8273164775,542,ASS,PROBE
SDO4844315,8918800100,965,PROV,PROBE
SDO4844315,6006111100,10523,PROV,PROBE
SDO4844315,5624190100,3272,MU,PROBE
SDO4844315,4996701100,2922,PROV,PROBE
SDO4844315,8426579000,3205,MU,PROBE
SDO4844315,9389551100,695,PROV,PROBE
SDO4844315,7428321100,5585,PROV,PROBE
SDO4844315,7035361100,3351,PROV,PROBE
SDO4844315,9430202100,1985,ASS,PROBE
SDO4844315,4258931100,2892,MU,PROBE
SDO4844315,729312100,2520,MU,PROBE
SDO4844315,1784540225,735,MU,PROBE
SDO4844315,1905278547,4340,MU,PROBE
SDO4844315,6038829000,2725,PROV,PROBE
SDO4844315,5580402100,2114,ASS,PROBE
SDO4844315,3762406888,899,PROV,PROBE
SDO4844315,6660050100,2753,MU,PROBE
SDO4844315,5338911100,3548,PROV,PROBE
SDO4844315,2514390100,2200,PROV,PROBE
SDO4844315,6267271100,2321,ASS,PROBE
SDO4844315,4989358000,1881,ASS,PROBE
SDO4844315,2035219000,13868,CEIL,PROBE
SDO4844315,7800271100,2791,MU,PROBE
SDO4844315,1504819000,2743,PROV,PROBE
SDO4844315,4598961100,4154,PROV,PROBE
SDO4844315,7295571100,3139,PROV,PROBE
SDO4844315,9496381100,3631,MU,PROBE
SDO4844315,3727990100,8935,MU,PROBE
SDO4844315,5147230100,4149,MU,PROBE
SDO4844315,9265810100,3470,ASS,PROBE
SDO4844315,423259000,2695,ASS,PROBE
SDO4844315,3087531100,1915,MU,PROBE
SDO4844315,7739180100,4005,PROV,PROBE
SDO4844315,8468979000,4185,MU,PROBE
SDO4844315,2975741100,3597,MU,PROBE
SDO4844315,8390431100,5561,ASS,PROBE
SDO4844315,987184022,2750,PROV,PROBE
SDO4844315,6648731100,1760,MU,PROBE
SDO4844315,2094368000,3774,PROV,PROBE
SDO4844315,5703871100,1699,ASS,PROBE
SDO4844315,438931100,3122,MU,PROBE
SDO4844315,5667971100,5460,PROV,PROBE
SDO4844315,8775721100,3668,MU,PROBE
SDO4844315,4502340100,2870,MU,PROBE
SDO4844315,8119548000,4715,MU,PROBE
SDO4844315,4784375077,3261,ASS,PROBE
SDO4844315,517361100,950,ASS,PROBE
SDO4844315,9949820100,11511,PROV,PROBE
SDO4844315,718190100,2250,PROV,PROBE
SDO4844315,441729000,2354,PROV,PROBE
SDO4844315,8374101100,7635,CEIL,PROBE
SDO4844315,4917271100,1785,ASS,PROBE
SDO4844315,7688551100,2933,MU,PROBE
SDO4844315,6441233385,1628,MU,PROBE
SDO4844315,1210601100,3645,MU,PROBE
SDO4844315,1060660100,3029,MU,PROBE
SDO4844315,70279000,2862,PROV,PROBE
SDO4844315,710830100,2700,MU,PROBE
SDO4844315,8829911100,3301,ASS,PROBE
SDO4844315,90006380,2043,MU,PROBE
SDO4844315,9554098000,4135,MU,PROBE
SDO4844315,9878151100,3225,PROV,PROBE
SDO4844315,1414549000,3475,PROV,PROBE
SDO4844315,5709589000,3630,MU,PROBE
SDO4844315,7069249000,5045,PROV,PROBE
SDO4844315,8538721100,3215,ASS,PROBE
SDO4844315,5719579000,4895,MU,PROBE
SDO4844315,4774221100,5365,MU,PROBE
SDO4844315,1329551100,4550,CEIL,PROBE
SDO4844315,9409828000,9034,PROV,PROBE
SDO4844315,8880710100,580,MU,PROBE
SDO4844315,3957620100,3920,PROV,PROBE
SDO4844315,5046928000,5060,MU,PROBE
SDO4844315,2024698778,1734,PROV,PROBE
SDO4844315,2038681100,2659,ASS,PROBE
SDO4844315,3384450100,1958,PROV,PROBE
SDO4844315,2710345039,1723,MU,PROBE
SDO4844315,598881100,2095,MU,PROBE
SDO4844315,7169980100,2920,PROV,PROBE
SDO4844315,9375590100,1665,PROV,PROBE
SDO4844315,8965790100,3076,MU,PROBE
SDO4844315,5489551100,2263,MU,PROBE
SDO4844315,5599151100,3800,PROV,PROBE
SDO4844315,6268829000,4130,PROV,PROBE
SDO4844315,217569000,1663,PROV,PROBE
SDO4844315,217990100,2598,ASS,PROBE
SDO4844315,5506810100,3595,PROV,PROBE
SDO4844315,2084140100,4175,MU,PROBE
SDO4844315,2986431100,4694,ASS,PROBE
SDO4844315,4903850100,26414,MU,PROBE
SDO4844315,5197761100,2585,PROV,PROBE
SDO4844315,5199781100,5595,PROV,PROBE
SDO4844315,6302389780,700,MU,PROBE
SDO4844315,85701100,3120,PROV,PROBE
SDO4844315,9926260100,3142,MU,PROBE
SDO4844315,5537481608,1665,PROV,PROBE
SDO4844315,1919349000,3206,MU,PROBE
SDO4844315,8404801100,1182,ASS,PROBE
SDO4844315,7842612100,2599,MU,PROBE
SDO4844315,6657968000,2436,PROV,PROBE
SDO4844315,8009299000,2825,MU,PROBE
SDO4844315,6724330100,3269,PROV,PROBE
SDO4844315,3639101100,1870,ASS,PROBE
SDO4844315,7541827274,2110,MU,PROBE
SDO4844315,898302100,5300,CEIL,PROBE
SDO4844315,6107169000,5005,PROV,PROBE
SDO4844315,4207441100,935,ASS,PROBE
SDO4844315,7708778000,2289,ASS,PROBE
SDO4844315,1614098000,4129,MU,PROBE
SDO4844315,5313082879,2290,PROV,PROBE
SDO4844315,2037941100,8851,ASS,PROBE
SDO4844315,3371889000,1660,MU,PROBE
SDO4844315,9816579000,2626,MU,PROBE
SDO4844315,2646432106,4329,MU,PROBE
SDO4844315,3660689000,7595,MU,PROBE
SDO4844315,7477279000,3078,MU,PROBE
SDO4844315,3037369000,4418,MU,PROBE
SDO4844315,7303400100,3418,MU,PROBE
SDO4844315,3974097210,1285,MU,PROBE
SDO4844315,78191100,1795,PROV,PROBE
SDO4844315,931380100,3155,MU,PROBE
SDO4844315,4908419000,4424,MU,PROBE
SDO4844315,7922050100,10192,CEIL,PROBE
SDO4844315,9487498000,3490,PROV,PROBE
SDO4844315,7322679000,4055,MU,PROBE
SDO4844315,9514292729,1032,PROV,PROBE
SDO4844315,6524052214,7415,MU,PROBE
SDO4844315,499648000,5203,MU,PROBE
SDO4844315,9410889000,687,MU,PROBE
SDO4844315,2976029000,3075,MU,PROBE
SDO4844315,174790100,2856,PROV,PROBE
SDO4844315,1132729000,10660,CEIL,PROBE
SDO4844315,7645931100,3755,MU,PROBE
SDO4844315,3029729000,3256,MU,PROBE
SDO4844315,1101646632,1523,PROV,PROBE
SDO4844315,2238111100,4060,MU,PROBE
SDO4844315,8734211100,5072,ASS,PROBE
SDO4844315,6053549000,3265,MU,PROBE
SDO4844315,6925041100,1234,ASS,PROBE
SDO4844315,5109610100,3519,MU,PROBE
SDO4844315,795651100,3455,PROV,PROBE
SDO4844315,4138141100,4650,PROV,PROBE
SDO4844315,8799991100,4832,MU,PROBE
SDO4844315,538931100,4165,MU,PROBE
SDO4844315,1356649600,2013,MU,PROBE
SDO4844315,9340340100,1689,PROV,PROBE
SDO4844315,8607701100,2784,ASS,PROBE
SDO4844315,7008911100,2226,PROV,PROBE
SDO4844315,5548750100,6742,MU,PROBE
SDO4844315,6167560100,2522,MU,PROBE
SDO4844315,7265498000,2797,PROV,PROBE
SDO4844315,9185101100,1658,ASS,PROBE
SDO4844315,6469971100,827,ASS,PROBE
SDO4844315,5580081100,2799,ASS,PROBE
SDO4844315,439802100,2222,MU,PROBE
SDO4844315,8541940100,3985,CEIL,PROBE
SDO4844315,3202800100,2099,PROV,PROBE
SDO4844315,2038171100,7780,MU,PROBE
SDO4844315,7716959000,3333,MU,PROBE
SDO4844315,8578980100,5057,MU,PROBE
SDO4844315,2944136322,2230,PROV,PROBE
SDO4844315,5616330100,1480,ASS,PROBE
SDO4844315,6636331100,1560,ASS,PROBE
SDO4844315,462301100,8489,MU,PROBE
SDO4844315,752499000,4600,PROV,PROBE
SDO4844315,5902268000,3209,PROV,PROBE
SDO4844315,2144958000,27,ASS,PROBE
SDO4844315,8286470013,765,PROV,PROBE
SDO4844315,3837561100,2500,MU,PROBE
SDO4844315,9030831100,2184,MU,PROBE
SDO4844315,5955869000,3450,MU,PROBE
SDO4844315,8683730100,3618,MU,PROBE
SDO4844315,6315631100,4640,PROV,PROBE
SDO4844315,5561548000,8669,CEIL,PROBE
SDO4844315,7383178000,23053,MU,PROBE
SDO4844315,4947073785,2475,PROV,PROBE
SDO4844315,8314311100,3325,ASS,PROBE
SDO4844315,96861100,4375,PROV,PROBE
SDO4844315,7032802100,10950,CEIL,PROBE
SDO4844315,9250648000,897,PROV,PROBE
SDO4844315,5089366218,1109,PROV,PROBE
SDO4844315,8077120100,1430,PROV,PROBE
SDO4844315,2812268000,5470,PROV,PROBE
SDO4844315,6614340100,1985,MU,PROBE
SDO4844315,3291410957,1900,PROV,PROBE
SDO4844315,5845111100,4222,MU,PROBE
SDO4844315,9987328386,1216,MU,PROBE
SDO4844315,7567950100,5000,PROV,PROBE
SDO4844315,2561548000,2546,MU,PROBE
SDO4844315,6224849000,2805,MU,PROBE
SDO4844315,2657701100,3490,PROV,PROBE
SDO4844315,6118978000,3578,PROV,PROBE
SDO4844315,9197361100,4640,PROV,PROBE
SDO4844315,2546741100,1595,PROV,PROBE
SDO4844315,3681855219,2456,MU,PROBE
SDO4844315,5382002100,3806,MU,PROBE
SDO4844315,145409000,2575,MU,PROBE
SDO4844315,7617539000,4083,MU,PROBE
SDO4844315,9359548000,2939,PROV,PROBE
SDO4844315,9413078000,6776,MU,PROBE
SDO4844315,961198000,4189,MU,PROBE
SDO4844315,2452078000,807,MU,PROBE
SDO4844315,3482280100,1404,ASS,PROBE
SDO4844315,1532469539,1012,MU,PROBE
SDO4844315,8772182033,1397,PROV,PROBE
SDO4844315,3104632391,2088,MU,PROBE
SDO4844315,4327819000,3065,MU,PROBE
SDO4844315,7061920894,2950,MU,PROBE
SDO4844315,2525010100,7945,PROV,PROBE
SDO4844315,5744891100,3235,MU,PROBE
SDO4844315,83140100,3519,MU,PROBE
SDO4844315,7650031100,2275,PROV,PROBE
SDO4844315,4981168000,3190,ASS,PROBE
SDO4844315,3754971585,805,MU,PROBE
SDO4844315,7576351100,4410,ASS,PROBE
SDO4844315,1093491100,1537,ASS,PROBE
SDO4844315,5351641100,3255,PROV,PROBE
SDO4844315,2046478000,8506,MU,PROBE
SDO4844315,4607071100,3683,MU,PROBE
SDO4844315,2157679000,150,ASS,PROBE
SDO4844315,3006861100,3547,MU,PROBE
SDO4844315,4094387893,3540,MU,PROBE
SDO4844315,3699761100,3618,PROV,PROBE
SDO4844315,9368428486,1260,MU,PROBE
SDO4844315,2035679000,2532,PROV,PROBE
SDO4844315,6354711100,2248,PROV,PROBE
SDO4844315,8718140100,4265,ASS,PROBE
SDO4844315,5419968000,2955,MU,PROBE
SDO4844315,2590670100,2985,PROV,PROBE
SDO4844315,8417591100,3645,MU,PROBE
SDO4844315,9182078000,4636,MU,PROBE
SDO4844315,7674850764,4267,MU,PROBE
SDO4844315,5739160100,5336,MU,PROBE
SDO4844315,5708688000,3840,MU,PROBE
SDO4844315,5955297737,1215,MU,PROBE
SDO4844315,87961100,912,ASS,PROBE
SDO4844315,6996081100,4065,MU,PROBE
SDO4844315,5163889000,2371,MU,PROBE
SDO4844315,216485099,2300,PROV,PROBE
SDO4844315,2212212100,2285,MU,PROBE
SDO4844315,3394368000,6203,MU,PROBE
SDO4844315,6286078000,2244,PROV,PROBE
SDO4844315,6129968000,4902,MU,PROBE
SDO4844315,1231449000,3633,MU,PROBE
SDO4844315,1503816109,666,MU,PROBE
SDO4844315,2567000100,1070,PROV,PROBE
SDO4844315,1366419000,2955,MU,PROBE
SDO4844315,3618548000,7285,PROV,PROBE
SDO4844315,7081548000,3387,PROV,PROBE
SDO4844315,5437330100,5006,MU,PROBE
SDO4844315,1434491100,3210,MU,PROBE
SDO4844315,1417071100,3423,MU,PROBE
SDO4844315,687181100,1460,MU,PROBE
SDO4844315,3008321100,2732,MU,PROBE
SDO4844315,1942212100,4103,MU,PROBE
SDO4844315,3390529078,1450,MU,PROBE
SDO4844315,2239951100,4176,MU,PROBE
SDO4844315,218771100,3076,PROV,PROBE
SDO4844315,5912078000,3356,PROV,PROBE
SDO4844315,1479293123,1418,PROV,PROBE
SDO4844315,2988691100,3708,MU,PROBE
SDO4844315,3420080840,650,MU,PROBE
SDO4844315,8853449000,10255,MU,PROBE
SDO4844315,8506551100,2360,ASS,PROBE
SDO4844315,3284898000,2859,MU,PROBE
SDO4844315,7451198000,5017,MU,PROBE
SDO4844315,6475470100,2950,MU,PROBE
SDO4844315,117520100,2940,PROV,PROBE
SDO4844315,8836998006,765,PROV,PROBE
SDO4844315,8698760100,3519,MU,PROBE
SDO4844315,898771100,1083,ASS,PROBE
SDO4844315,883531100,3455,MU,PROBE
SDO4844315,2162078000,2869,MU,PROBE
SDO4844315,6135540100,1317,MU,PROBE
SDO4844315,808280100,4333,MU,PROBE
SDO4844315,670248000,3200,ASS,PROBE
SDO4844315,4132100100,3347,ASS,PROBE
SDO4844315,3906894443,2280,MU,PROBE
SDO4844315,7014801100,3246,ASS,PROBE
SDO4844315,392071100,3876,MU,PROBE
SDO4844315,4513802100,2335,ASS,PROBE
SDO4844315,4236190100,798,MU,PROBE
SDO4844315,9786679000,2544,PROV,PROBE
SDO4844315,6996190100,4864,MU,PROBE
SDO4844315,3456209000,15.39,MU,PROBE
SDO4844315,539410100,3423,MU,PROBE
SDO4844315,4483885815,1280,MU,PROBE
SDO4844315,3895461100,3835,PROV,PROBE
SDO4844315,6415419000,2700,MU,PROBE
SDO4844315,6613900926,2105,MU,PROBE
SDO4844315,2636869000,4089,PROV,PROBE
SDO4844315,3629970100,18675,ASS,PROBE
SDO4844315,6623919973,1835,PROV,PROBE
SDO4844315,1557627545,1339,MU,PROBE
SDO4844315,7095219000,2655,MU,PROBE
SDO4844315,9737539000,3200,MU,PROBE
SDO4844315,4113948000,6435,MU,PROBE
SDO4844315,7923691100,3005,MU,PROBE
SDO4844315,1217058164,2440,PROV,PROBE
SDO4844315,4346619000,5771,MU,PROBE
SDO4844315,1689338000,352008,ASS,PROBE
SDO4844315,7730491100,2347,ASS,PROBE
SDO4844315,1131416503,2165,PROV,PROBE
SDO4844315,7000209000,5400,MU,PROBE
SDO4844315,1377111100,2813,PROV,PROBE
SDO4844315,5222900100,4405,PROV,PROBE
SDO4844315,4114625065,1685,MU,PROBE
SDO4844315,2562612100,3900,MU,PROBE
SDO4844315,7131081100,4057,MU,PROBE
SDO4844315,1850689000,8040,MU,PROBE
SDO4844315,8153498000,874,MU,PROBE
SDO4844315,4362691100,12442,PROV,PROBE
SDO4844315,4704612100,2535,PROV,PROBE
SDO4844315,6701549000,855,PROV,PROBE
SDO4844315,3618738000,4123,PROV,PROBE
SDO4844315,4095940100,1265,MU,PROBE
SDO4844315,360329000,2431,ASS,PROBE
SDO4844315,7253274082,2770,PROV,PROBE
SDO4844315,2983919000,2982,MU,PROBE
SDO4844315,6418809872,1598,PROV,PROBE
SDO4844315,1269702100,2050,PROV,PROBE
SDO4844315,5842119000,6367,MU,PROBE
SDO4844315,5834299000,942,MU,PROBE
SDO4844315,6654159000,965755,PROV,PROBE
SDO4844315,7375867531,2156,MU,PROBE
SDO4844315,7741481100,4212,PROV,PROBE
SDO4844315,5069788000,1099,PROV,PROBE
SDO4844315,9006828000,1335,MU,PROBE
SDO4844315,1672990100,3255,PROV,PROBE
SDO4844315,2750671100,3850,PROV,PROBE
SDO4844315,5418402100,5229,MU,PROBE
SDO4844315,2560240100,5988,CEIL,PROBE
SDO4844315,7905327989,1232,PROV,PROBE
SDO4844315,1293591493,7924,CEIL,PROBE
SDO4844315,2854521100,2256,ASS,PROBE
SDO4844315,4956738000,3818,MU,PROBE
SDO4844315,9307151100,3165,PROV,PROBE
SDO4844315,4672338140,660,PROV,PROBE
SDO4844315,6965706988,1303,PROV,PROBE
SDO4844315,7742002100,3266,MU,PROBE
SDO4844315,9852098000,3781,MU,PROBE
SDO4844315,3383078000,1779,PROV,PROBE
SDO4844315,8209870640,1664,PROV,PROBE
SDO4844315,179428000,2516,PROV,PROBE
SDO4844315,4531698000,14785,PROV,PROBE
SDO4844315,5558591100,1880,ASS,PROBE
SDO4844315,1449341100,3329,MU,PROBE
SDO4844315,8361907858,4420,MU,PROBE
SDO4844315,8460031100,4636,MU,PROBE
SDO4844315,6184693352,2845,MU,PROBE
SDO4844315,320349000,519,PROV,PROBE
SDO4844315,7606169000,3732,MU,PROBE
SDO4844315,7409071100,4427,PROV,PROBE
SDO4844315,20299000,2745,PROV,PROBE
SDO4844315,8271881100,4074,PROV,PROBE
SDO4844315,7606321530,1289,MU,PROBE
SDO4844315,8784660100,4860,PROV,PROBE
SDO4844315,6410380100,4148,MU,PROBE
SDO4844315,9269729000,4098,PROV,PROBE
SDO4844315,3768531100,4297,MU,PROBE
SDO4844315,6936541100,2732,PROV,PROBE
SDO4844315,6585319542,2083,PROV,PROBE
SDO4844315,7383539000,2430,PROV,PROBE
SDO4844315,9924450100,4189,MU,PROBE
SDO4844315,2377701100,2286,MU,PROBE
SDO4844315,747230100,9542,PROV,PROBE
SDO4844315,8438539000,4212,ASS,PROBE
SDO4844315,9734299000,3068,PROV,PROBE
SDO4844315,7500074830,1048,MU,PROBE
SDO4844315,9429781100,3695,MU,PROBE
SDO4844315,5769502593,10120,CEIL,PROBE
SDO4844315,9669591100,2879,MU,PROBE
SDO4844315,1465461100,4264,MU,PROBE
SDO4844315,3037229000,3816,MU,PROBE
SDO4844315,9846461100,7826,MU,PROBE
SDO4844315,5542213484,630,PROV,PROBE
SDO4844315,775629000,3683,MU,PROBE
SDO4844315,1019827699,1380,PROV,PROBE
SDO4844315,2281737194,675,MU,PROBE
SDO4844315,5282880100,4035,PROV,PROBE
SDO4844315,8601698000,8686,CEIL,PROBE
SDO4844315,294008476,2043,ASS,PROBE
SDO4844315,8017571100,3309,PROV,PROBE
SDO4844315,6892471100,5252,CEIL,PROBE
SDO4844315,6596221344,935,MU,PROBE
SDO4844315,6184151100,3220,MU,PROBE
SDO4844315,8109579000,3781,MU,PROBE
SDO4844315,1587371100,2397,PROV,PROBE
SDO4844315,7955519000,4322,MU,PROBE
SDO4844315,4594891100,4264,MU,PROBE
SDO4844315,6661920100,2339,PROV,PROBE
SDO4844315,2131031100,3720,PROV,PROBE
SDO4844315,1879501100,4080,PROV,PROBE
SDO4844315,1329691100,3028,ASS,PROBE
SDO4844315,6525919000,14195,PROV,PROBE
SDO4844315,2109981100,3315,PROV,PROBE
SDO4844315,4225501100,2600,MU,PROBE
SDO4844315,4275731100,959,MU,PROBE
SDO4844315,8622579607,2363,PROV,PROBE
SDO4844315,2976651350,1580,PROV,PROBE
SDO4844315,6135511100,2202,MU,PROBE
SDO4844315,1429191100,3506,MU,PROBE
SDO4844315,7968131100,2772,MU,PROBE
SDO4844315,4167180100,682,MU,PROBE
SDO4844315,5339902100,2710,ASS,PROBE
SDO4844315,7067191100,799,MU,PROBE
SDO4844315,3010461100,4212,ASS,PROBE
SDO4844315,5006679000,1931,ASS,PROBE
SDO4844315,3679212100,3356,MU,PROBE
SDO4844315,3547362865,819,PROV,PROBE
SDO4844315,78161100,2362,PROV,PROBE
SDO4844315,969191100,4084,MU,PROBE
SDO4844315,9341691100,4218,PROV,PROBE
SDO4844315,6460929000,8509,CEIL,PROBE
SDO4844315,3178040100,4267,PROV,PROBE
SDO4844315,2588867644,640,MU,PROBE
SDO4844315,3492877544,2342,MU,PROBE
SDO4844315,889151100,5500,CEIL,PROBE
SDO4844315,6298741100,3410,MU,PROBE
SDO4844315,9023745919,2296,PROV,PROBE
SDO4844315,4093701100,4974,MU,PROBE
SDO4844315,2907541100,3082,MU,PROBE
SDO4844315,2345878000,1990,MU,PROBE
SDO4844315,8560337013,321,ASS,PROBE
SDO4844315,75310100,5514,PROV,PROBE
SDO4844315,6869000,7727,PROV,PROBE
SDO4844315,7608820100,3312,PROV,PROBE
SDO4844315,1564521100,3041,MU,PROBE
SDO4844315,1708111100,3839,MU,PROBE
SDO4844315,4388528000,7855,MU,PROBE
SDO4844315,9578040100,3376,MU,PROBE
SDO4844315,5537160100,1922,ASS,PROBE
SDO4844315,6957645508,1411,MU,PROBE
SDO4844315,1090437186,38474,PROV,PROBE
SDO4844315,4274521100,3930,MU,PROBE
SDO4844315,6825878000,3120,PROV,PROBE
SDO4844315,19571100,2308,PROV,PROBE
SDO4844315,9800970100,2396,ASS,PROBE
SDO4844315,3428346310,1489,MU,PROBE
SDO4844315,8437361100,3021,ASS,PROBE
SDO4844315,8368961100,219960,PROV,PROBE
SDO4844315,3296478000,3499,PROV,PROBE
SDO4844315,3162402100,4424,MU,PROBE
SDO4844315,3658894684,3232,MU,PROBE
SDO4844315,9974921100,3405,MU,PROBE
SDO4844315,7054450100,5837,PROV,PROBE
SDO4844315,6968756305,1072,PROV,PROBE
SDO4844315,6442590100,3618,MU,PROBE
SDO4844315,880838000,12677,PROV,PROBE
SDO4844315,2729971100,3423,PROV,PROBE
SDO4844315,292612100,4490,MU,PROBE
SDO4844315,6398349000,3205,PROV,PROBE
SDO4844315,9536959000,4435,PROV,PROBE
SDO4844315,268341100,3373,PROV,PROBE
SDO4844315,2682402100,3144,PROV,PROBE
SDO4844315,9448171100,2498,ASS,PROBE
SDO4844315,7362898000,3566,MU,PROBE
SDO4844315,2449060883,885,PROV,PROBE
SDO4844315,8716119599,1610,PROV,PROBE
SDO4844315,5502168000,3156,MU,PROBE
SDO4844315,6924349000,3468,PROV,PROBE
SDO4844315,250212100,3465,MU,PROBE
SDO4844315,9538570100,4166,MU,PROBE
SDO4844315,2319426328,3646,MU,PROBE
SDO4844315,5081451100,2371,ASS,PROBE
SDO4844315,9255711100,2963,MU,PROBE
SDO4844315,1876190100,3200,MU,PROBE
SDO4844315,2020679000,3917,PROV,PROBE
SDO4844315,2164789606,1556,MU,PROBE
SDO4844315,3803823586,1138,MU,PROBE
SDO4844315,1138321100,2242,ASS,PROBE
SDO4844315,9689240100,1446,ASS,PROBE
SDO4844315,1608112100,3705,PROV,PROBE
SDO4844315,6572330100,6709,CEIL,PROBE
SDO4844315,1650256386,2164,PROV,PROBE
SDO4844315,9979191100,4425,CEIL,PROBE
SDO4844315,4213880100,1727,MU,PROBE
SDO4844315,6489514092,2234,PROV,PROBE
SDO4844315,3757967873,2542,PROV,PROBE
SDO4844315,5008679000,1543,ASS,PROBE
SDO4844315,5793078000,2260,PROV,PROBE
SDO4844315,3258390100,2252,ASS,PROBE
SDO4844315,3434660100,3122,PROV,PROBE
SDO4844315,59551100,3356,MU,PROBE
SDO4844315,697590100,3135,PROV,PROBE
SDO4844315,6590481100,1128,ASS,PROBE
SDO4844315,6489249000,1665,PROV,PROBE
SDO4844315,5985119000,7390,PROV,PROBE
SDO4844315,2835679000,2662,PROV,PROBE
SDO4844315,218161100,3423,MU,PROBE
SDO4844315,2896878000,3074,MU,PROBE
SDO4844315,8749498000,5603,MU,PROBE
SDO4844315,9796381100,4799,MU,PROBE
SDO4844315,5627771100,2685,PROV,PROBE
SDO4844315,5562612100,4099,ASS,PROBE
SDO4844315,1856829000,36788,PROV,PROBE
SDO4844315,6036731100,2628,PROV,PROBE
SDO4844315,5376928000,3423,MU,PROBE
SDO4844315,5703148000,3265,PROV,PROBE
SDO4844315,1609981100,2106,ASS,PROBE
SDO4844315,6713089000,3390,PROV,PROBE
SDO4844315,7442345067,1799,PROV,PROBE
SDO4844315,2092058747,1620,MU,PROBE
SDO4844315,3399802100,3813,MU,PROBE
SDO4844315,8002291100,2476,MU,PROBE
SDO4844315,1077321100,2344,PROV,PROBE
SDO4844315,3903635126,1939,MU,PROBE
SDO4844315,6667971100,2580,ASS,PROBE
SDO4844315,509329000,3365,PROV,PROBE
SDO4844315,2897749738,4122,MU,PROBE
SDO4844315,7614500100,2679,MU,PROBE
SDO4844315,8985551100,2930,PROV,PROBE
SDO4844315,1620100100,4029,PROV,PROBE
SDO4844315,731338000,6843,CEIL,PROBE
SDO4844315,3548779000,4654,MU,PROBE
SDO4844315,4488991100,2617,MU,PROBE
SDO4844315,3732648000,3470,PROV,PROBE
SDO4844315,9988176891,1595,MU,PROBE
SDO4844315,6985470100,2273,PROV,PROBE
SDO4844315,4658721100,4399,MU,PROBE
SDO4844315,7770729000,5245,PROV,PROBE
SDO4844315,9995758000,4249,MU,PROBE
SDO4844315,1490891100,3813,MU,PROBE
SDO4844315,8478181100,2355,ASS,PROBE
SDO4844315,2042523330,709,PROV,PROBE
SDO4844315,4630328000,2871,MU,PROBE
SDO4844315,4679320093,1535,MU,PROBE
SDO4844315,8988629000,3326,MU,PROBE
SDO4844315,6263171541,1291,MU,PROBE
SDO4844315,1623850100,4017,MU,PROBE
SDO4844315,1611888000,6690,MU,PROBE
SDO4844315,9273236314,1489,MU,PROBE
SDO4844315,1893528000,2020,PROV,PROBE
SDO4844315,8938428000,1569,MU,PROBE
SDO4844315,5620100100,7195,PROV,PROBE
SDO4844315,1779502100,2805,ASS,PROBE
SDO4844315,761660100,4610,PROV,PROBE
SDO4844315,6320349000,2802,PROV,PROBE
SDO4844315,4877369000,3285,PROV,PROBE
SDO4844315,2908161100,2249,MU,PROBE
SDO4844315,3091197386,2570,MU,PROBE
SDO4844315,9075877470,1935.67,PROV,PROBE
SDO4844315,8273001100,663,ASS,PROBE
SDO4844315,6752983537,1310,MU,PROBE
SDO4844315,9643496154,998,PROV,PROBE
SDO4844315,6845441100,3069,MU,PROBE
SDO4844315,7697381100,1978,PROV,PROBE
SDO4844315,4317941100,3810,ASS,PROBE
SDO4844315,6602002100,7475,MU,PROBE
SDO4844315,4578466676,2060,PROV,PROBE
SDO4844315,1588390100,3747,PROV,PROBE
SDO4844315,345361100,1709,ASS,PROBE
SDO4844315,343729492,836,MU,PROBE
SDO4844315,545311100,2550,MU,PROBE
SDO4844315,3833959000,11008,MU,PROBE
SDO4844315,607829000,4089,PROV,PROBE
SDO4844315,3839111100,3758,MU,PROBE
SDO4844315,2165731100,3781,MU,PROBE
SDO4844315,3797729000,10950,CEIL,PROBE
SDO4844315,4307671100,6922,MU,PROBE
SDO4844315,4654560100,3180,MU,PROBE
SDO4844315,3342016201,5120,MU,PROBE
SDO4844315,1062479480,3127,MU,PROBE
SDO4844315,5719390100,4187,MU,PROBE
SDO4844315,654850100,4108,PROV,PROBE
SDO4844315,5640201045,946,MU,PROBE
SDO4844315,2186328677,937,MU,PROBE
SDO4844315,6078448000,2220,MU,PROBE
SDO4844315,754568000,4645,PROV,PROBE
SDO4844315,7233835216,28085,PROV,PROBE
SDO4844315,5675310100,1010,PROV,PROBE
SDO4844315,5645701100,3485,MU,PROBE
SDO4844315,6574560100,2196,MU,PROBE
SDO4844315,1889840154,216,ASS,PROBE
SDO4844315,4838381100,3599,PROV,PROBE
SDO4844315,400651100,2339,ASS,PROBE
SDO4844315,8395908270,1518,MU,PROBE
SDO4844315,1611070100,3645,PROV,PROBE
SDO4844315,6089776660,1233,MU,PROBE
SDO4844315,4064005264,1400,PROV,PROBE
SDO4844315,5104298000,2915,PROV,PROBE
SDO4844315,5451940100,2718,PROV,PROBE
SDO4844315,8508081062,1310,MU,PROBE
SDO4844315,4606410100,3625,PROV,PROBE
SDO4844315,5585359000,3238,ASS,PROBE
SDO4844315,1451558000,3980,PROV,PROBE
SDO4844315,1404778521,1985,MU,PROBE
SDO4844315,945729000,3078,MU,PROBE
SDO4844315,5386521100,3130,ASS,PROBE
SDO4844315,6500412100,3085,PROV,PROBE
SDO4844315,9997368000,3519,MU,PROBE
SDO4844315,2357081100,2969,PROV,PROBE
SDO4844315,4851892611,2190,PROV,PROBE
SDO4844315,1717941100,6445,MU,PROBE
SDO4844315,8955590100,4181,MU,PROBE
SDO4844315,3842265498,2130,PROV,PROBE
SDO4844315,4948590100,523,MU,PROBE
SDO4844315,4142598000,5622,MU,PROBE
SDO4844315,1450046402,952,MU,PROBE
SDO4844315,3924159000,3356,MU,PROBE
SDO4844315,6258040100,2375,PROV,PROBE
SDO4844315,2521098000,3208,MU,PROBE
SDO4844315,2541461100,5012,CEIL,PROBE
SDO4844315,4400861100,3886,MU,PROBE
SDO4844315,6266292608,3900,CEIL,PROBE
SDO4844315,7498725679,2591,ASS,PROBE
SDO4844315,7652198436,1314,MU,PROBE
SDO4844315,8108548000,3050,PROV,PROBE
SDO4844315,3493301100,5727,MU,PROBE
SDO4844315,2340271100,31511,CEIL,PROBE
SDO4844315,2705299000,2784,PROV,PROBE
SDO4844315,6487855683,1435,PROV,PROBE
SDO4844315,2429212100,3899,ASS,PROBE
SDO4844315,6349790100,2062,ASS,PROBE
SDO4844315,6792949000,1151,ASS,PROBE
SDO4844315,214212100,1896,MU,PROBE
SDO4844315,1531638911,2587,MU,PROBE
SDO4844315,2188199000,2013,PROV,PROBE
SDO4844315,7610549585,1099,PROV,PROBE
SDO4844315,5224299000,4181,MU,PROBE
SDO4844315,9866069000,4150,MU,PROBE
SDO4844315,3821349000,840,MU,PROBE
SDO4844315,3208228000,3880,MU,PROBE
SDO4844315,9017571100,20705,ASS,PROBE
SDO4844315,5183681100,7779,PROV,PROBE
SDO4844315,2997288000,4905,PROV,PROBE
SDO4844315,7718781952,864,ASS,PROBE
SDO4844315,9540869000,4235,PROV,PROBE
SDO4844315,6623400100,580,PROV,PROBE
SDO4844315,1155521100,5139,CEIL,PROBE
SDO4844315,500012100,3940,MU,PROBE
SDO4844315,1452212100,6719,MU,PROBE
SDO4844315,7777813501,3600,PROV,PROBE
SDO4844315,8812691100,4164,MU,PROBE
SDO4844315,1615390100,1955,MU,PROBE
SDO4844315,6305150100,1915,PROV,PROBE
SDO4844315,6505019000,2962,PROV,PROBE
SDO4844315,3835631100,4453,PROV,PROBE
SDO4844315,6277911100,2671,MU,PROBE
SDO4844315,1304940100,3103,PROV,PROBE
SDO4844315,6469781100,5210,MU,PROBE
SDO4844315,3175878000,5719,MU,PROBE
SDO4844315,9975568000,3519,MU,PROBE
SDO4844315,8372990100,4081,MU,PROBE
SDO4844315,5729349000,4962,MU,PROBE
SDO4844315,9650198000,1922,MU,PROBE
SDO4844315,1507191100,2889,PROV,PROBE
SDO4844315,4945711100,3886,PROV,PROBE
SDO4844315,5109833466,4302,MU,PROBE
SDO4844315,610802100,1767,ASS,PROBE
SDO4844315,5912330100,2916,ASS,PROBE
SDO4844315,5409788000,1833,ASS,PROBE
SDO4844315,694531100,7695,CEIL,PROBE
SDO4844315,1650240100,4066,PROV,PROBE
SDO4844315,7310002100,1502,ASS,PROBE
SDO4844315,7464790051,1489,MU,PROBE
SDO4844315,9961324390,1340,MU,PROBE
SDO4844315,3034819000,1582,MU,PROBE
SDO4844315,9965511100,4370,PROV,PROBE
SDO4844315,8897701100,1825,ASS,PROBE
SDO4844315,5680212100,3855,PROV,PROBE
SDO4844315,8490031100,4827,PROV,PROBE
SDO4844315,3735993811,1813,MU,PROBE
SDO4844315,1521919000,1260,PROV,PROBE
SDO4844315,6026171100,2862,MU,PROBE
SDO4844315,4779361100,2320,PROV,PROBE
SDO4844315,8420738000,4685,MU,PROBE
SDO4844315,4667961100,6455,CEIL,PROBE
SDO4844315,1181499000,1138,PROV,PROBE
SDO4844315,6277951100,17876,CEIL,PROBE
SDO4844315,4503212100,2970,MU,PROBE
SDO4844315,121881100,3330,MU,PROBE
SDO4844315,4079750100,4832,MU,PROBE
SDO4844315,8700088000,2499,PROV,PROBE
SDO4844315,1792539000,3650,PROV,PROBE
SDO4844315,5002900100,21.95,MU,PROBE
SDO4844315,6745843716,2301,MU,PROBE
SDO4844315,1782888000,4615,PROV,PROBE
SDO4844315,3849779000,5108,MU,PROBE
SDO4844315,5320358000,2280,MU,PROBE
SDO4844315,9549180100,4371,PROV,PROBE
SDO4844315,9238986710,2856,PROV,PROBE
SDO4844315,3547209000,4077,MU,PROBE
SDO4844315,6378070100,2945,PROV,PROBE
SDO4844315,4258429000,3942,MU,PROBE
SDO4844315,9969193722,2270,PROV,PROBE
SDO4844315,3479317706,1670,MU,PROBE
SDO4844315,128620100,4292,ASS,PROBE
SDO4844315,2664091100,1640,ASS,PROBE
SDO4844315,2455990100,4362,MU,PROBE
SDO4844315,6908131100,3835,PROV,PROBE
SDO4844315,1300061100,3499,MU,PROBE
SDO4844315,2577721100,2741,MU,PROBE
SDO4844315,9993626740,1017,PROV,PROBE
SDO4844315,307620100,536,MU,PROBE
SDO4844315,3329927304,4810,CEIL,PROBE
SDO4844315,9912739000,2328,ASS,PROBE
SDO4844315,3648442383,2175,PROV,PROBE
SDO4844315,401621100,3807,PROV,PROBE
SDO4844315,5865420100,3251,ASS,PROBE
SDO4844315,9863491100,3423,MU,PROBE
SDO4844315,5020299000,4426,MU,PROBE
SDO4844315,2689588000,3545,PROV,PROBE
SDO4844315,394178000,10334,CEIL,PROBE
SDO4844315,2388369000,3192,MU,PROBE
SDO4844315,6055521100,9430,MU,PROBE
SDO4844315,7717861100,4077,PROV,PROBE
SDO4844315,8805500100,4195,PROV,PROBE
SDO4844315,7457310762,1920,MU,PROBE
SDO4844315,878520100,2135,ASS,PROBE
SDO4844315,2955241100,2186,ASS,PROBE
SDO4844315,1657251100,3466,MU,PROBE
SDO4844315,5093491100,3242,ASS,PROBE
SDO4844315,8678721100,2725,PROV,PROBE
SDO4844315,4347341100,310,ASS,PROBE
SDO4844315,4448911100,3592,MU,PROBE
SDO4844315,3247151100,4880,MU,PROBE
SDO4844315,3778390100,1488,ASS,PROBE
SDO4844315,4608871100,3720,MU,PROBE
SDO4844315,1948428000,1099,PROV,PROBE
SDO4844315,5236061100,2525,PROV,PROBE
SDO4844315,4474869000,2856,MU,PROBE
SDO4844315,5608871100,405,MU,PROBE
SDO4844315,7399681100,4649,PROV,PROBE
SDO4844315,5304401100,3026,MU,PROBE
SDO4844315,2564757277,634,MU,PROBE
SDO4844315,8558881100,4490,MU,PROBE
SDO4844315,1894749000,3655,PROV,PROBE
SDO4844315,886419000,16716,PROV,PROBE
SDO4844315,3440340100,882,PROV,PROBE
SDO4844315,6975749000,2680,PROV,PROBE
SDO4844315,207620100,5265,PROV,PROBE
SDO4844315,2964012100,3905,PROV,PROBE
SDO4844315,8192612100,1600,ASS,PROBE
SDO4844315,1858341100,255,MU,PROBE
SDO4844315,2944500100,3270,MU,PROBE
SDO4844315,2483869000,4622,MU,PROBE
SDO4844315,1144190100,3369,PROV,PROBE
SDO4844315,6919881100,4462,PROV,PROBE
SDO4844315,6382050100,4309,MU,PROBE
SDO4844315,5090528000,3106,ASS,PROBE
SDO4844315,6700861100,1730,ASS,PROBE
SDO4844315,9887180855,985,PROV,PROBE
SDO4844315,3006850100,4001,MU,PROBE
SDO4844315,9186341100,2305,ASS,PROBE
SDO4844315,5171679000,1035,PROV,PROBE
SDO4844315,7135540100,3683,MU,PROBE
SDO4844315,4037091535,1085,PROV,PROBE
SDO4844315,7379121100,4440,MU,PROBE
SDO4844315,7529931100,2682,MU,PROBE
SDO4844315,7536869000,3565,MU,PROBE
SDO4844315,6918881100,2856,MU,PROBE
SDO4844315,5119168000,3781,MU,PROBE
SDO4844315,4069089000,2312,MU,PROBE
SDO4844315,8693601100,2005,ASS,PROBE
SDO4844315,5163259000,13165,PROV,PROBE
SDO4844315,917150100,4290,MU,PROBE
SDO4844315,2854559169,1349,MU,PROBE
SDO4844315,3145031100,1831,ASS,PROBE
SDO4844315,3077678884,1982,MU,PROBE
SDO4844315,5025699000,2785,MU,PROBE
SDO4844315,724558000,89.97,CEIL,PROBE
SDO4844315,8360411100,2530,MU,PROBE
SDO4844315,845623549,1757,MU,PROBE
SDO4844315,7467448593,1800,PROV,PROBE
SDO4844315,4050458000,2953,PROV,PROBE
SDO4844315,212538629,180,ASS,PROBE
SDO4844315,6762402100,3172,MU,PROBE
SDO4844315,5219171100,8329,CEIL,PROBE
SDO4844315,1580671100,3522,MU,PROBE
SDO4844315,5321061100,2330,MU,PROBE
SDO4844315,9151730100,4269,MU,PROBE
SDO4844315,9488102100,3352,MU,PROBE
SDO4844315,5742069000,9970,PROV,PROBE
SDO4844315,6816959000,3030,MU,PROBE
SDO4844315,8174850100,763,PROV,PROBE
SDO4844315,2730061100,6534,MU,PROBE
SDO4844315,5606679000,5107,PROV,PROBE
SDO4844315,1611000100,5977,MU,PROBE
SDO4844315,4296469000,1701,ASS,PROBE
SDO4844315,3239012100,4399,MU,PROBE
SDO4844315,9506551100,1150,MU,PROBE
SDO4844315,5531837818,1623,MU,PROBE
SDO4844315,9717688000,2770,PROV,PROBE
SDO4844315,38291100,2986,MU,PROBE
SDO4844315,9419502100,5000,MU,PROBE
SDO4844315,275731100,5192,MU,PROBE
SDO4844315,2162691100,9619,MU,PROBE
SDO4844315,2140201100,2805,ASS,PROBE
SDO4844315,5152937850,715,PROV,PROBE
SDO4844315,9016341100,1523,ASS,PROBE
SDO4844315,8967609000,3870,PROV,PROBE
SDO4844315,6377469000,4250,MU,PROBE
SDO4844315,2087961100,4062,MU,PROBE
SDO4844315,9997081100,4603,MU,PROBE
SDO4844315,707071100,3818,MU,PROBE
SDO4844315,5082758000,3472,PROV,PROBE
SDO4844315,6435231100,2422,MU,PROBE
SDO4844315,6719202100,2990,MU,PROBE
SDO4844315,4573001100,5913,CEIL,PROBE
SDO4844315,1458963774,2600,MU,PROBE
SDO4844315,8487141100,3792,ASS,PROBE
SDO4844315,5298481100,1935,MU,PROBE
SDO4844315,6817230100,3519,MU,PROBE
SDO4844315,989039000,3654,PROV,PROBE
SDO4844315,1462301100,1100,ASS,PROBE
SDO4844315,3122412100,2299,MU,PROBE
SDO4844315,2724330100,4742,PROV,PROBE
SDO4844315,6959591100,3605,PROV,PROBE
SDO4844315,9798779000,6743,CEIL,PROBE
SDO4844315,2750198000,4067,PROV,PROBE
SDO4844315,86738000,13179,PROV,PROBE
SDO4844315,2755651100,3030,MU,PROBE
SDO4844315,3434758000,3433,PROV,PROBE
SDO4844315,6100271100,2476,MU,PROBE
SDO4844315,7683681100,3970,MU,PROBE
SDO4844315,6452602100,3471,ASS,PROBE
SDO4844315,8396069537,1958,PROV,PROBE
SDO4844315,2702140100,269090,PROV,PROBE
SDO4844315,5829350100,4375,PROV,PROBE
SDO4844315,4611159000,3685,PROV,PROBE
SDO4844315,1554738000,468,MU,PROBE
SDO4844315,3167280100,2520,PROV,PROBE
SDO4844315,3850000100,3038,PROV,PROBE
SDO4844315,8844500100,60247,ASS,PROBE
SDO4844315,8135410100,2291,MU,PROBE
SDO4844315,6098620100,2823,MU,PROBE
SDO4844315,1307191100,3559,MU,PROBE
SDO4844315,8953549000,3095,PROV,PROBE
SDO4844315,8075878000,3880,MU,PROBE
SDO4844315,7650671100,3781,MU,PROBE
SDO4844315,6471491100,3829,MU,PROBE
SDO4844315,6430201100,1276,ASS,PROBE
SDO4844315,5367810100,4200,PROV,PROBE
SDO4844315,3643058000,4135,PROV,PROBE
SDO4844315,2606861100,2930,MU,PROBE
SDO4844315,6981557706,1930,MU,PROBE
SDO4844315,486478000,2650,MU,PROBE
SDO4844315,9638288000,213,ASS,PROBE
SDO4844315,5099311100,3519,MU,PROBE
SDO4844315,6969131100,2200,MU,PROBE
SDO4844315,8828721100,3212,MU,PROBE
SDO4844315,4637561100,2605,PROV,PROBE
SDO4844315,3269820100,3420,PROV,PROBE
SDO4844315,9312520100,4819,PROV,PROBE
SDO4844315,4460031100,2540,MU,PROBE
SDO4844315,6308112100,3579,MU,PROBE
SDO4844315,7901861100,1929,MU,PROBE
SDO4844315,8667978000,1437,MU,PROBE
SDO4844315,6024280100,3590,PROV,PROBE
SDO4844315,7705531100,7299,ASS,PROBE
SDO4844315,3986431100,2704,MU,PROBE
SDO4844315,1169721100,3870,MU,PROBE
SDO4844315,6486878000,2806,ASS,PROBE
SDO4844315,2536980100,6721,CEIL,PROBE
SDO4844315,8315436891,2300,MU,PROBE
SDO4844315,4463280100,36935,PROV,PROBE
SDO4844315,3572268000,4675,ASS,PROBE
SDO4844315,9039391140,2242,MU,PROBE
SDO4844315,5319191100,8845,PROV,PROBE
SDO4844315,9897561100,2570,MU,PROBE
SDO4844315,8695370100,3670,PROV,PROBE
SDO4844315,9678959000,4690,CEIL,PROBE
SDO4844315,8493940100,3642,MU,PROBE
SDO4844315,306969000,3835,PROV,PROBE
SDO4844315,2588341100,3593,CEIL,PROBE
SDO4844315,8797512100,3985,MU,PROBE
SDO4844315,3251549000,572,PROV,PROBE
SDO4844315,5265119000,3332,PROV,PROBE
SDO4844315,173000100,4275,MU,PROBE
SDO4844315,2466661100,1782,MU,PROBE
SDO4844315,8604710100,5983,MU,PROBE
SDO4844315,1261268000,2219,MU,PROBE
SDO4844315,2395729000,3410,MU,PROBE
SDO4844315,6422190100,3672,MU,PROBE
SDO4844315,9946268067,1305,PROV,PROBE
SDO4844315,1484175928,690,MU,PROBE
SDO4844315,574410174,660,PROV,PROBE
SDO4844315,596271100,1655,ASS,PROBE
SDO4844315,7906729000,3665,MU,PROBE
SDO4844315,5385940100,2709,ASS,PROBE
SDO4844315,1405498000,5308,PROV,PROBE
SDO4844315,2132512954,1631,MU,PROBE
SDO4844315,7549245473,2213,MU,PROBE
SDO4844315,9328890071,2444,PROV,PROBE
SDO4844315,5425790100,3715,ASS,PROBE
SDO4844315,4224710100,4845,PROV,PROBE
SDO4844315,7393940100,2131,MU,PROBE
SDO4844315,49390100,370,MU,PROBE
SDO4844315,940811100,10021,CEIL,PROBE
SDO4844315,9821612100,3889,MU,PROBE
SDO4844315,6490699000,3205,PROV,PROBE
SDO4844315,9002089000,2640,PROV,PROBE
SDO4844315,4238429000,2644,MU,PROBE
SDO4844315,4428895007,709,PROV,PROBE
SDO4844315,1982383093,1375,MU,PROBE
SDO4844315,149070100,2997,PROV,PROBE
SDO4844315,7606410100,3819,MU,PROBE
SDO4844315,5967210100,3306,MU,PROBE
SDO4844315,5034409000,5865,PROV,PROBE
SDO4844315,5696594695,2339,MU,PROBE
SDO4844315,201081100,3235,PROV,PROBE
SDO4844315,224891100,1385,PROV,PROBE
SDO4844315,9547828000,9035,MU,PROBE
SDO4844315,3696132628,1979,MU,PROBE
SDO4844315,2724946408,1740,MU,PROBE
SDO4844315,8271002100,1779,PROV,PROBE
SDO4844315,2967095709,1380,PROV,PROBE
SDO4844315,2459620100,10677,PROV,PROBE
SDO4844315,614500100,3464,MU,PROBE
SDO4844315,3882612100,3560,MU,PROBE
SDO4844315,3968419000,4115,MU,PROBE
SDO4844315,7045520100,3201,PROV,PROBE
SDO4844315,7364069000,8526,PROV,PROBE
SDO4844315,9021900100,2693,PROV,PROBE
SDO4844315,4738391100,6403,MU,PROBE
SDO4844315,646251100,0,PROV,PROBE
SDO4844315,8586469000,4623,MU,PROBE
SDO4844315,1776141100,2639,ASS,PROBE
SDO4844315,5792071100,3622,PROV,PROBE
SDO4844315,7837330100,4054,PROV,PROBE
SDO4844315,796331100,3461,PROV,PROBE
SDO4844315,6268448000,3854,PROV,PROBE
SDO4844315,3429151100,3900,MU,PROBE
SDO4844315,3665412100,3865,PROV,PROBE
SDO4844315,9707019000,2102,MU,PROBE
SDO4844315,9748398000,2861,PROV,PROBE
SDO4844315,3646950100,2063,MU,PROBE
SDO4844315,5984919000,3320,MU,PROBE
SDO4844315,132739000,819,PROV,PROBE
SDO4844315,556921100,2180,PROV,PROBE
SDO4844315,5564210100,2928,PROV,PROBE
SDO4844315,376651100,2682,MU,PROBE
SDO4844315,2807731100,2790,ASS,PROBE
SDO4844315,194168000,3917,PROV,PROBE
SDO4844315,57439000,3890,MU,PROBE
SDO4844315,2510612100,3008,MU,PROBE
SDO4844315,5295730100,6671,MU,PROBE
SDO4844315,3475098000,6967,PROV,PROBE
SDO4844315,4987911100,5252,MU,PROBE
SDO4844315,5758581100,3819,MU,PROBE
SDO4844315,2010938000,3328,MU,PROBE
SDO4844315,1467610100,2735,MU,PROBE
SDO4844315,7838430100,6018,PROV,PROBE
SDO4844315,108539000,7096,PROV,PROBE
SDO4844315,9390198000,3225,PROV,PROBE
SDO4844315,8172739000,3590,PROV,PROBE
SDO4844315,6233209000,12502,PROV,PROBE
SDO4844315,710388000,5395,PROV,PROBE
SDO4844315,4333747420,3400,MU,PROBE
SDO4844315,3022738000,3865,MU,PROBE
SDO4844315,7588330100,6962,PROV,PROBE
SDO4844315,6614065558,1023,MU,PROBE
SDO4844315,4097941100,3489,PROV,PROBE
SDO4844315,6395349000,9565,PROV,PROBE
SDO4844315,918489000,2520,PROV,PROBE
SDO4844315,7115349000,3983,PROV,PROBE
SDO4844315,6451902633,1105,MU,PROBE
SDO4844315,3647729933,1399,MU,PROBE
SDO4844315,2787961100,3457,PROV,PROBE
SDO4844315,8609959000,2474,ASS,PROBE
SDO4844315,4037941100,1899,MU,PROBE
SDO4844315,1230441100,3295,ASS,PROBE
SDO4844315,8288189287,440,MU,PROBE
SDO4844315,711248000,3460,ASS,PROBE
SDO4844315,1305200100,1400,MU,PROBE
SDO4844315,9960070100,4021,MU,PROBE
SDO4844315,2629559000,2848,MU,PROBE
SDO4844315,805144460,2499,MU,PROBE
SDO4844315,9477210100,5405,PROV,PROBE
SDO4844315,1618111100,3900,PROV,PROBE
SDO4844315,5431691100,4454,PROV,PROBE
SDO4844315,3467941100,3347,MU,PROBE
SDO4844315,4838329000,4239,MU,PROBE
SDO4844315,104178309,1363,MU,PROBE
SDO4844315,7086651100,2379,ASS,PROBE
SDO4844315,5646121100,3532,MU,PROBE
SDO4844315,9102549000,14720,PROV,PROBE
SDO4844315,108280100,1453,MU,PROBE
SDO4844315,9298879583,2735,PROV,PROBE
SDO4844315,6792758354,3060,MU,PROBE
SDO4844315,63281100,2120,MU,PROBE
SDO4844315,1099101100,2915,ASS,PROBE
SDO4844315,964101100,5499,ASS,PROBE
SDO4844315,9025741100,3446,ASS,PROBE
SDO4844315,2697881100,3134,MU,PROBE
SDO4844315,4827960100,3000,MU,PROBE
SDO4844315,5112802100,2678,PROV,PROBE
SDO4844315,9934719363,2102,MU,PROBE
SDO4844315,2156034044,1385,MU,PROBE
SDO4844315,5169763471,976,ASS,PROBE
SDO4844315,7534690100,60,ASS,PROBE
SDO4844315,6694901100,3907,CEIL,PROBE
SDO4844315,7138834530,1893,MU,PROBE
SDO4844315,1516672551,1800,MU,PROBE
SDO4844315,2020299000,6138,MU,PROBE
SDO4844315,2383817763,1799,MU,PROBE
SDO4844315,2267230100,7250,PROV,PROBE
SDO4844315,4950061100,1236,MU,PROBE
SDO4844315,9916688000,4093,MU,PROBE
SDO4844315,536541100,3484,MU,PROBE
SDO4844315,2935041100,2099,MU,PROBE
SDO4844315,9321881100,5183,PROV,PROBE
SDO4844315,5037061100,2709,PROV,PROBE
SDO4844315,1410887388,945,PROV,PROBE
SDO4844315,4577481100,2685,PROV,PROBE
SDO4844315,5178280100,2915,PROV,PROBE
SDO4844315,5949791100,6020,PROV,PROBE
SDO4844315,489358000,1570,ASS,PROBE
SDO4844315,5615996072,1880,PROV,PROBE
SDO4844315,5958802100,3449,ASS,PROBE
SDO4844315,4199391100,3876,PROV,PROBE
SDO4844315,3512481100,2658,PROV,PROBE
SDO4844315,5164724699,1302,PROV,PROBE
SDO4844315,7008785897,1225,MU,PROBE
SDO4844315,4989951100,3123,MU,PROBE
SDO4844315,848511100,5172,MU,PROBE
SDO4844315,1078016642,5032,MU,PROBE
SDO4844315,1689372079,2162,MU,PROBE
SDO4844315,5403148803,1140,MU,PROBE
SDO4844315,9851268000,5429,MU,PROBE
SDO4844315,20260100,3295,MU,PROBE
SDO4844315,1710888000,8578,CEIL,PROBE
SDO4844315,4257540989,2622,PROV,PROBE
SDO4844315,5191271100,106.06,MU,PROBE
SDO4844315,4555441100,4419,MU,PROBE
SDO4844315,2312487689,1720,MU,PROBE
SDO4844315,5359820100,3442,MU,PROBE
SDO4844315,9162268000,3650,PROV,PROBE
SDO4844315,1946951100,4380,MU,PROBE
SDO4844315,793101100,3412,MU,PROBE
SDO4844315,8547769000,2872,PROV,PROBE
SDO4844315,2110309000,2719,MU,PROBE
SDO4844315,3999299000,2315,PROV,PROBE
SDO4844315,140709000,3781,MU,PROBE
SDO4844315,9750841100,7642,CEIL,PROBE
SDO4844315,6578040100,3595,PROV,PROBE
SDO4844315,7626311100,2716,MU,PROBE
SDO4844315,1298738000,1825,PROV,PROBE
SDO4844315,7042400100,2577,ASS,PROBE
SDO4844315,7758920100,7169,ASS,PROBE
SDO4844315,5476590100,1232,PROV,PROBE
SDO4844315,2818120100,804,PROV,PROBE
SDO4844315,1801940100,6076,PROV,PROBE
SDO4844315,2361268000,2574,ASS,PROBE
SDO4844315,5990671100,3290,PROV,PROBE
SDO4844315,2309548000,3408,MU,PROBE
SDO4844315,862004428,3900,CEIL,PROBE
SDO4844315,6611938000,5805,PROV,PROBE
SDO4844315,2836558000,3970,MU,PROBE
SDO4844315,3306969000,3917,MU,PROBE
SDO4844315,790589000,9035,PROV,PROBE
SDO4844315,345701100,4452,MU,PROBE
SDO4844315,5820411100,3405,PROV,PROBE
SDO4844315,9238531100,2490,MU,PROBE
SDO4844315,3195751100,3126,MU,PROBE
SDO4844315,8800212100,2834,MU,PROBE
SDO4844315,4629678277,780,PROV,PROBE
SDO4844315,3246644133,775,PROV,PROBE
SDO4844315,1266561100,5752,PROV,PROBE
SDO4844315,4786928000,1925,PROV,PROBE
SDO4844315,4893397452,2945,MU,PROBE
SDO4844315,458081100,99948,PROV,PROBE
SDO4844315,3494564058,2162,MU,PROBE
SDO4844315,1868968000,4217,MU,PROBE
SDO4844315,5615390100,3235,MU,PROBE
SDO4844315,1319020100,4267,MU,PROBE
SDO4844315,4668615292,900,ASS,PROBE
SDO4844315,8021271100,3375,MU,PROBE
SDO4844315,3749569104,3239,CEIL,PROBE
SDO4844315,9883014302,3208,MU,PROBE
SDO4844315,9798378000,4612,MU,PROBE
SDO4844315,9498881100,1100,PROV,PROBE
SDO4844315,569191100,2922,MU,PROBE
SDO4844315,1618210100,1675,ASS,PROBE
SDO4844315,4083968000,4644,MU,PROBE
SDO4844315,5385898000,2835,MU,PROBE
SDO4844315,4974902903,1360,MU,PROBE
SDO4844315,7340609724,1009,PROV,PROBE
SDO4844315,6961402100,3511,MU,PROBE
SDO4844315,2201098000,3519,PROV,PROBE
SDO4844315,9929870100,2987,MU,PROBE
SDO4844315,2323609000,2295,PROV,PROBE
SDO4844315,8432489000,13184,MU,PROBE
SDO4844315,9775878000,1450,PROV,PROBE
SDO4844315,4564321100,1676,MU,PROBE
SDO4844315,1618531100,1923,ASS,PROBE
SDO4844315,3829178000,2699,MU,PROBE
SDO4844315,9671409000,2338,ASS,PROBE
SDO4844315,9887361100,2840,MU,PROBE
SDO4844315,2725441100,2814,MU,PROBE
SDO4844315,7966330100,12718,PROV,PROBE
SDO4844315,9861451100,3600,PROV,PROBE
SDO4844315,4604078000,4005,PROV,PROBE
SDO4844315,1638571100,3356,MU,PROBE
SDO4844315,5116470100,7657,MU,PROBE
SDO4844315,9807990100,4393,MU,PROBE
SDO4844315,7378570100,3067,MU,PROBE
SDO4844315,218721100,12167,MU,PROBE
SDO4844315,9998551100,2106,ASS,PROBE
SDO4844315,1194168000,3200,MU,PROBE
SDO4844315,8951299000,2542,MU,PROBE
SDO4844315,6880913910,5805,MU,PROBE
SDO4844315,5756056317,625,MU,PROBE
SDO4844315,6637469000,3245,MU,PROBE
SDO4844315,8539181100,2234,ASS,PROBE
SDO4844315,5759498000,2950,MU,PROBE
SDO4844315,9729002100,8798,PROV,PROBE
SDO4844315,6097511100,2439,MU,PROBE
SDO4844315,6766044569,1430,PROV,PROBE
SDO4844315,9169006858,2598,MU,PROBE
SDO4844315,3516520100,2487,MU,PROBE
SDO4844315,6537389000,7800,MU,PROBE
SDO4844315,4754872354,1386,MU,PROBE
SDO4844315,9208389000,3265,PROV,PROBE
SDO4844315,8217151100,4025,MU,PROBE
SDO4844315,3771481100,3879,PROV,PROBE
SDO4844315,8575758000,3498,ASS,PROBE
SDO4844315,1249321100,3130,ASS,PROBE
SDO4844315,8336529910,3199,PROV,PROBE
SDO4844315,3677688000,2480,MU,PROBE
SDO4844315,4479378000,7022,PROV,PROBE
SDO4844315,1655021100,2300,PROV,PROBE
SDO4844315,107819000,4050,PROV,PROBE
SDO4844315,6377761100,534,MU,PROBE
SDO4844315,6194710100,3781,MU,PROBE
SDO4844315,988390100,2421,ASS,PROBE
SDO4844315,6564321100,2526,MU,PROBE
SDO4844315,1214939000,2674,MU,PROBE
SDO4844315,3998028253,978,MU,PROBE
SDO4844315,171689000,3230,MU,PROBE
SDO4844315,4448159000,3580,PROV,PROBE
SDO4844315,8710461100,2249,MU,PROBE
SDO4844315,5407831100,2102,MU,PROBE
SDO4844315,6912009000,8380,PROV,PROBE
SDO4844315,8704121100,3126,MU,PROBE
SDO4844315,4724559000,2650,PROV,PROBE
SDO4844315,7741288000,4042,MU,PROBE
SDO4844315,7106931100,2265,ASS,PROBE
SDO4844315,4767178000,3615,PROV,PROBE
SDO4844315,9770309000,3770,PROV,PROBE
SDO4844315,9565761148,1220,PROV,PROBE
SDO4844315,1138512100,3078,MU,PROBE
SDO4844315,8376731100,2809,PROV,PROBE
SDO4844315,8086651100,3076,PROV,PROBE
SDO4844315,1510382327,1139,MU,PROBE
SDO4844315,8505350100,2577,ASS,PROBE
SDO4844315,3559151100,13785,PROV,PROBE
SDO4844315,21881100,2695,PROV,PROBE
SDO4844315,8110209000,4179,MU,PROBE
SDO4844315,191691100,2062,ASS,PROBE
SDO4844315,1090248000,2672,PROV,PROBE
SDO4844315,4199991100,2039,ASS,PROBE
SDO4844315,8094019000,3694,MU,PROBE
SDO4844315,3376701100,5488,MU,PROBE
SDO4844315,629312100,2289,ASS,PROBE
SDO4844315,1784902026,1670,PROV,PROBE
SDO4844315,6018281100,2890,MU,PROBE
SDO4844315,7701280100,2231,ASS,PROBE
SDO4844315,6477081100,3485,PROV,PROBE
SDO4844315,248428000,4095,MU,PROBE
SDO4844315,2442870100,2880,PROV,PROBE
SDO4844315,6528489000,1501,PROV,PROBE
SDO4844315,699311100,4499,MU,PROBE
SDO4844315,7122151533,808,MU,PROBE
SDO4844315,8327260100,275,PROV,PROBE
SDO4844315,8389358000,3250,MU,PROBE
SDO4844315,4899890945,1240,ASS,PROBE
SDO4844315,523252004,1005,PROV,PROBE
SDO4844315,2134521100,12280,PROV,PROBE
SDO4844315,1880871100,3000,MU,PROBE
SDO4844315,107658758,1600,MU,PROBE
SDO4844315,279151100,2508,MU,PROBE
SDO4844315,4163799000,4046,MU,PROBE
SDO4844315,3681052269,719,PROV,PROBE
SDO4844315,6251976981,655,MU,PROBE
SDO4844315,9571769216,1505,MU,PROBE
SDO4844315,3136749000,1949,PROV,PROBE
SDO4844315,1531139000,4392,PROV,PROBE
SDO4844315,8403212100,7740,PROV,PROBE
SDO4844315,2322090196,2676,MU,PROBE
SDO4844315,185498000,3055,MU,PROBE
SDO4844315,7131285205,1303,PROV,PROBE
SDO4844315,8726521100,3115,ASS,PROBE
SDO4844315,8308721100,3074,MU,PROBE
SDO4844315,6557470100,1852,PROV,PROBE
SDO4844315,6272212100,2986,MU,PROBE
SDO4844315,8009448000,1404,ASS,PROBE
SDO4844315,7699912953,866,MU,PROBE
SDO4844315,1291119000,1745,PROV,PROBE
SDO4844315,3474140100,5425,MU,PROBE
SDO4844315,1901702100,5696,MU,PROBE
SDO4844315,1355368000,0,ASS,PROBE
SDO4844315,8838279000,4471,MU,PROBE
SDO4844315,4788280100,2135,ASS,PROBE
SDO4844315,6194092605,6844,CEIL,PROBE
SDO4844315,2433080090,988,PROV,PROBE
SDO4844315,3762851100,6820,MU,PROBE
SDO4844315,3668881100,2549,MU,PROBE
SDO4844315,129349000,4254,PROV,PROBE
SDO4844315,981129633,1850,PROV,PROBE
SDO4844315,8473290100,3245,PROV,PROBE
SDO4844315,7312697772,232,MU,PROBE
SDO4844315,5984901100,2935,MU,PROBE
SDO4844315,5293091100,790,ASS,PROBE
SDO4844315,2001412100,2639,MU,PROBE
SDO4844315,9605029000,2230,PROV,PROBE
SDO4844315,8556000100,8896,PROV,PROBE
SDO4844315,9864790100,5788,PROV,PROBE
SDO4844315,2517833587,1310,ASS,PROBE
SDO4844315,4501689000,3653,MU,PROBE
SDO4844315,1180081100,3246,ASS,PROBE
SDO4844315,7757092763,2065,PROV,PROBE
SDO4844315,9060463891,2365,PROV,PROBE
SDO4844315,2277369000,8666,MU,PROBE
SDO4844315,2446190100,3823,ASS,PROBE
SDO4844315,189951100,4465,MU,PROBE
SDO4844315,4819579000,1732,MU,PROBE
SDO4844315,2280280100,5857,MU,PROBE
SDO4844315,4119330100,2420,MU,PROBE
SDO4844315,4662069000,3522,MU,PROBE
SDO4844315,9563069000,4635,PROV,PROBE
SDO4844315,7709428386,1057,MU,PROBE
SDO4844315,9161691100,1195,PROV,PROBE
SDO4844315,9929419739,1058,MU,PROBE
SDO4844315,163409000,4120,MU,PROBE
SDO4844315,4085911100,3732,MU,PROBE
SDO4844315,368419000,2480,CEIL,PROBE
SDO4844315,6439729000,7323,PROV,PROBE
SDO4844315,8701288000,4178,MU,PROBE
SDO4844315,2619881100,5500,MU,PROBE
SDO4844315,9535228000,5217,MU,PROBE
SDO4844315,6389189000,2275,PROV,PROBE
SDO4844315,5811212100,2336,MU,PROBE
SDO4844315,2144878000,3819,MU,PROBE
SDO4844315,2442590100,3028,MU,PROBE
SDO4844315,5370162655,1885,PROV,PROBE
SDO4844315,6804990100,4700,CEIL,PROBE
SDO4844315,526729000,3762,ASS,PROBE
SDO4844315,1530612100,2187,MU,PROBE
SDO4844315,9838102100,4239,MU,PROBE
SDO4844315,8949760100,5278,PROV,PROBE
SDO4844315,6188140100,12295,PROV,PROBE
SDO4844315,9754411100,3653,MU,PROBE
SDO4844315,6419341100,2513,ASS,PROBE
SDO4844315,8718511100,4106,PROV,PROBE
SDO4844315,2920458000,2064,MU,PROBE
SDO4844315,7830530100,1170,ASS,PROBE
SDO4844315,295488068,1300,PROV,PROBE
SDO4844315,2321268000,2369,MU,PROBE
SDO4844315,6567179000,3026,PROV,PROBE
SDO4844315,4403889000,3392,MU,PROBE
SDO4844315,7010461100,4687,MU,PROBE
SDO4844315,1528191100,2839,MU,PROBE
SDO4844315,8081100,3255,MU,PROBE
SDO4844315,5209788000,2225,PROV,PROBE
SDO4844315,6161889000,3210,PROV,PROBE
SDO4844315,6816531100,7000,ASS,PROBE
SDO4844315,6999931100,4490,MU,PROBE
SDO4844315,3530621100,7923,CEIL,PROBE
SDO4844315,364631100,4207,MU,PROBE
SDO4844315,1842612100,2915,PROV,PROBE
SDO4844315,7010409999,912,PROV,PROBE
SDO4844315,529581100,2476,MU,PROBE
SDO4844315,4930461100,1933,ASS,PROBE
SDO4844315,9034869000,2090,MU,PROBE
SDO4844315,3635441100,2232,ASS,PROBE
SDO4844315,9834341100,4189,MU,PROBE
SDO4844315,4659981100,3890,PROV,PROBE
SDO4844315,1194190100,3298,MU,PROBE
SDO4844315,5284733419,805,PROV,PROBE
SDO4844315,9083276641,4052,MU,PROBE
SDO4844315,3392640100,2254,MU,PROBE
SDO4844315,49944518,15852,PROV,PROBE
SDO4844315,4047758000,2830,MU,PROBE
SDO4844315,4932939000,3653,MU,PROBE
SDO4844315,1603299000,2895,PROV,PROBE
SDO4844315,1998439000,2490,MU,PROBE
SDO4844315,9167539000,4450,PROV,PROBE
SDO4844315,6496661100,3030,PROV,PROBE
SDO4844315,9842089000,4493,MU,PROBE
SDO4844315,9962658724,770,MU,PROBE
SDO4844315,5843002100,10390,CEIL,PROBE
SDO4844315,8425540100,1230,PROV,PROBE
SDO4844315,1476301100,4070,MU,PROBE
SDO4844315,1278548000,3658,MU,PROBE
SDO4844315,2844370173,80,PROV,PROBE
SDO4844315,8756971100,7310,PROV,PROBE
SDO4844315,1643212100,2951,PROV,PROBE
SDO4844315,64311100,3720,MU,PROBE
SDO4844315,3946159000,4053,MU,PROBE
SDO4844315,2257350100,6844,MU,PROBE
SDO4844315,7744520100,3364,MU,PROBE
SDO4844315,9340344807,656,MU,PROBE
SDO4844315,7745540100,2299,PROV,PROBE
SDO4844315,8931851730,1765,PROV,PROBE
SDO4844315,4177721100,3251,ASS,PROBE
SDO4844315,3959288000,3055,MU,PROBE
SDO4844315,6617168000,1932,MU,PROBE
SDO4844315,6517461100,3848,ASS,PROBE
SDO4844315,525311100,3605,MU,PROBE
SDO4844315,87800100,133564,PROV,PROBE
SDO4844315,4714610100,3870,MU,PROBE
SDO4844315,6599240100,5109,PROV,PROBE
SDO4844315,6604739000,3819,MU,PROBE
SDO4844315,3565462926,1447,MU,PROBE
SDO4844315,708111100,3074,MU,PROBE
SDO4844315,6694590100,4189,MU,PROBE
SDO4844315,8795760100,6492,PROV,PROBE
SDO4844315,7831520100,2163,MU,PROBE
SDO4844315,8638691100,4209,PROV,PROBE
SDO4844315,1111212100,2950,ASS,PROBE
SDO4844315,7734948000,4233,PROV,PROBE
SDO4844315,4606861100,1322,PROV,PROBE
SDO4844315,1739361133,1699,MU,PROBE
SDO4844315,1426168000,3618,MU,PROBE
SDO4844315,1780589000,2895,MU,PROBE
SDO4844315,4216579000,3674,PROV,PROBE
SDO4844315,6544801100,4430,PROV,PROBE
SDO4844315,8668341100,3320,MU,PROBE
SDO4844315,3021900100,4130,MU,PROBE
SDO4844315,548779000,4850,MU,PROBE
SDO4844315,5614603963,810,MU,PROBE
SDO4844315,233640100,2645,MU,PROBE
SDO4844315,2335520100,6534,MU,PROBE
SDO4844315,2078971100,3200,MU,PROBE
SDO4844315,4932850100,2032,MU,PROBE
SDO4844315,1051259000,3340,MU,PROBE
SDO4844315,8353959000,2700,ASS,PROBE
SDO4844315,298472374,4920,MU,PROBE
SDO4844315,4621580186,4265,MU,PROBE
SDO4844315,9993450100,4297,PROV,PROBE
SDO4844315,2498489000,2938,ASS,PROBE
SDO4844315,1148111100,4699,MU,PROBE
SDO4844315,5074968000,4170,MU,PROBE
SDO4844315,856590100,32409,CEIL,PROBE
SDO4844315,7368761100,371,MU,PROBE
SDO4844315,7075668000,2106,PROV,PROBE
SDO4844315,8350259000,2897,PROV,PROBE
SDO4844315,6400660100,3120,MU,PROBE
SDO4844315,3213794656,1205,MU,PROBE
SDO4844315,3026911100,3109,MU,PROBE
SDO4844315,1746350100,3335,PROV,PROBE
SDO4844315,6580298000,4048,PROV,PROBE
SDO4844315,6677511100,2588,MU,PROBE
SDO4844315,1511309000,3078,MU,PROBE
SDO4844315,1291267893,1955,MU,PROBE
SDO4844315,6812850100,9892,CEIL,PROBE
SDO4844315,8029191100,2696,PROV,PROBE
SDO4844315,6284441874,1040,PROV,PROBE
SDO4844315,338651494,3014,MU,PROBE
SDO4844315,1933409000,7494,MU,PROBE
SDO4844315,8195713976,1729,PROV,PROBE
SDO4844315,3007350100,2863,MU,PROBE
SDO4844315,5969102100,2740,MU,PROBE
SDO4844315,9173554510,2850,MU,PROBE
SDO4844315,6092078000,2670,MU,PROBE
SDO4844315,113920560,2857,PROV,PROBE
SDO4844315,991449000,20992,MU,PROBE
SDO4844315,1751549000,3645,PROV,PROBE
SDO4844315,776141100,3016,MU,PROBE
SDO4844315,1608301100,3781,MU,PROBE
SDO4844315,3283850100,3555,MU,PROBE
SDO4844315,7207069000,4426,MU,PROBE
SDO4844315,619971100,3046,MU,PROBE
SDO4844315,2520358000,3685,MU,PROBE
SDO4844315,596661100,2830,MU,PROBE
SDO4844315,2546791396,1890,PROV,PROBE
SDO4844315,245150100,2776,MU,PROBE
SDO4844315,2598489000,2832,MU,PROBE
SDO4844315,5215749000,7907,CEIL,PROBE
SDO4844315,5661338000,3184,MU,PROBE
SDO4844315,9141481100,4425,PROV,PROBE
SDO4844315,3427679000,9639,MU,PROBE
SDO4844315,8782290100,8934,CEIL,PROBE
SDO4844315,740767384,1149,PROV,PROBE
SDO4844315,8119591100,8215,PROV,PROBE
SDO4844315,689140100,4185,PROV,PROBE
SDO4844315,9891530100,4078,MU,PROBE
SDO4844315,4085701100,2890,ASS,PROBE
SDO4844315,6551730100,3519,MU,PROBE
SDO4844315,8993919000,7460,CEIL,PROBE
SDO4844315,2714341100,2580,MU,PROBE
SDO4844315,8144001100,5362,ASS,PROBE
SDO4844315,510349000,4527,PROV,PROBE
SDO4844315,8735521100,2940,ASS,PROBE
SDO4844315,2749602100,3013,PROV,PROBE
SDO4844315,3218178000,2234,ASS,PROBE
SDO4844315,4996061100,3160,MU,PROBE
SDO4844315,266351100,5598,MU,PROBE
SDO4844315,6306671855,4585,MU,PROBE
SDO4844315,948980100,2980,MU,PROBE
SDO4844315,4642100100,2420,MU,PROBE
SDO4844315,5325151100,1712,PROV,PROBE
SDO4844315,4750458000,5621,PROV,PROBE
SDO4844315,9327990100,3085,PROV,PROBE
SDO4844315,844776476,2158,MU,PROBE
SDO4844315,5985041407,998,MU,PROBE
SDO4844315,2781058000,3607,MU,PROBE
SDO4844315,9898800100,5400,CEIL,PROBE
SDO4844315,184609000,3046,MU,PROBE
SDO4844315,8889470100,1575,MU,PROBE
SDO4844315,4171089000,1950,ASS,PROBE
SDO4844315,9291539000,3356,MU,PROBE
SDO4844315,5126928000,3155,PROV,PROBE
SDO4844315,6130138000,4732,MU,PROBE
SDO4844315,8688151100,2860,ASS,PROBE
SDO4844315,5564401100,3745,MU,PROBE
SDO4844315,690259000,2700,PROV,PROBE
SDO4844315,7112119236,2907,PROV,PROBE
SDO4844315,3848291100,2560,MU,PROBE
SDO4844315,1574803628,476,PROV,PROBE
SDO4844315,9672122053,1745,PROV,PROBE
SDO4844315,9974104951,2820,MU,PROBE
SDO4844315,6736729000,4125,PROV,PROBE
SDO4844315,127330100,4136,PROV,PROBE
SDO4844315,1590670100,2980,MU,PROBE
SDO4844315,9846441100,183.75,MU,PROBE
SDO4844315,5687157111,426,MU,PROBE
SDO4844315,9460050100,7525,PROV,PROBE
SDO4844315,256228000,3618,MU,PROBE
SDO4844315,912851100,8769,MU,PROBE
SDO4844315,5046470100,2399,PROV,PROBE
SDO4844315,9534100100,3315,MU,PROBE
SDO4844315,2332939000,3489,MU,PROBE
SDO4844315,1998502100,2325,PROV,PROBE
SDO4844315,6996990100,2366,PROV,PROBE
SDO4844315,6100698000,6279,PROV,PROBE
SDO4844315,1465321100,2450,MU,PROBE
SDO4844315,342619338,2850,MU,PROBE
SDO4844315,9915078000,2690,MU,PROBE
SDO4844315,372212100,3306,MU,PROBE
SDO4844315,2198721100,3489,MU,PROBE
SDO4844315,6945900100,3335,PROV,PROBE
SDO4844315,9286489000,4055,PROV,PROBE
SDO4844315,2272071100,2731,PROV,PROBE
SDO4844315,8753002100,2680,ASS,PROBE
SDO4844315,179498000,4600,PROV,PROBE
SDO4844315,5517168000,1849,MU,PROBE
SDO4844315,6881540100,5565,PROV,PROBE
SDO4844315,9749779000,8880,PROV,PROBE
SDO4844315,1807291797,2516,PROV,PROBE
SDO4844315,190411100,1560,PROV,PROBE
SDO4844315,2295864499,3244,MU,PROBE
SDO4844315,1862750100,3170,MU,PROBE
SDO4844315,3534341100,1435,MU,PROBE
SDO4844315,6884148000,3324,PROV,PROBE
SDO4844315,3513407691,929,MU,PROBE
SDO4844315,1778419000,5400,MU,PROBE
SDO4844315,6316531100,5565,PROV,PROBE
SDO4844315,898570100,3099,PROV,PROBE
SDO4844315,9478146449,566,MU,PROBE
SDO4844315,7120929000,3714,MU,PROBE
SDO4844315,9425520100,2735,MU,PROBE
SDO4844315,2487951100,1750,MU,PROBE
SDO4844315,7398702100,2240,PROV,PROBE
SDO4844315,2125790100,1946,MU,PROBE
SDO4844315,1725743612,1645,MU,PROBE
SDO4844315,647329000,4032,PROV,PROBE
SDO4844315,605219000,5235,PROV,PROBE
SDO4844315,5898980100,2719,PROV,PROBE
SDO4844315,2745061100,4624,MU,PROBE
SDO4844315,8675729000,3780,MU,PROBE
SDO4844315,3354611100,2232,MU,PROBE
SDO4844315,2685461100,2786,PROV,PROBE
SDO4844315,9586810665,2294,PROV,PROBE
SDO4844315,6222900100,2755,PROV,PROBE
SDO4844315,3380271100,2410,MU,PROBE
SDO4844315,6674349000,868,PROV,PROBE
SDO4844315,6988960100,3372,PROV,PROBE
SDO4844315,622881100,0.17,CEIL,PROBE
SDO4844315,7072898000,2326,MU,PROBE
SDO4844315,576940100,5988,MU,PROBE
SDO4844315,5722168000,2761,MU,PROBE
SDO4844315,218965573,1348,MU,PROBE
SDO4844315,1907861100,6259,CEIL,PROBE
SDO4844315,6358960100,3725,CEIL,PROBE
SDO4844315,3442939000,4045,MU,PROBE
SDO4844315,3938002100,3112,ASS,PROBE
SDO4844315,8434679883,3880,MU,PROBE
SDO4844315,770081100,1789,MU,PROBE
SDO4844315,5587099899,5411,MU,PROBE
SDO4844315,6902469000,1579,MU,PROBE
SDO4844315,9748738000,3900,MU,PROBE
SDO4844315,2283211100,2738,MU,PROBE
SDO4844315,2407605157,3800,MU,PROBE
SDO4844315,5162738000,3900,MU,PROBE
SDO4844315,8572185111,1728,PROV,PROBE
SDO4844315,5428495453,734,MU,PROBE
SDO4844315,9807428000,4199,MU,PROBE
SDO4844315,3617471957,1515,PROV,PROBE
SDO4844315,3544498000,3222,PROV,PROBE
SDO4844315,8797750100,3246,PROV,PROBE
SDO4844315,8095695469,998,MU,PROBE
SDO4844315,4962100100,2325,PROV,PROBE
SDO4844315,29800100,4236,MU,PROBE
SDO4844315,1259450860,573,MU,PROBE
SDO4844315,1433281100,1732,MU,PROBE
SDO4844315,9528855851,1430,PROV,PROBE
SDO4844315,7563321100,3328,PROV,PROBE
SDO4844315,4407817625,2031,MU,PROBE
SDO4844315,347120100,3480,PROV,PROBE
SDO4844315,8755521100,3639,MU,PROBE
SDO4844315,2945341100,1416,MU,PROBE
SDO4844315,7629312100,2945,PROV,PROBE
SDO4844315,6775209000,4478,MU,PROBE
SDO4844315,5513802100,4955,MU,PROBE
SDO4844315,8287271100,3185,ASS,PROBE
SDO4844315,7467829000,1780,PROV,PROBE
SDO4844315,6932007207,452,PROV,PROBE
SDO4844315,928571100,4073,MU,PROBE
SDO4844315,833070100,3243,PROV,PROBE
SDO4844315,9246393816,798,PROV,PROBE
SDO4844315,7194869000,4438,PROV,PROBE
SDO4844315,4905919000,1754,MU,PROBE
SDO4844315,8378738000,490,PROV,PROBE
SDO4844315,779118888,1362,MU,PROBE
SDO4844315,8580298000,4788,PROV,PROBE
SDO4844315,7305948000,3335,MU,PROBE
SDO4844315,7045901100,1674,MU,PROBE
SDO4844315,7328911100,3624,MU,PROBE
SDO4844315,2599229000,3243,MU,PROBE
SDO4844315,1942520062,1139,MU,PROBE
SDO4844315,9297800100,3649,MU,PROBE
SDO4844315,5941463107,1005,PROV,PROBE
SDO4844315,1480271100,1904,PROV,PROBE
SDO4844315,7975060495,1560,PROV,PROBE
SDO4844315,5019610100,4812,PROV,PROBE
SDO4844315,5857990100,2718,MU,PROBE
SDO4844315,6425590100,3511,MU,PROBE
SDO4844315,9127461100,1384,MU,PROBE
SDO4844315,7550861100,3650,MU,PROBE
SDO4844315,5130699272,2010,MU,PROBE
SDO4844315,5843889000,1875,MU,PROBE
SDO4844315,6637141100,2902,MU,PROBE
SDO4844315,1650198000,3686,MU,PROBE
SDO4844315,7871200100,7670,PROV,PROBE
SDO4844315,4438039000,5450,MU,PROBE
SDO4844315,1114401100,1605,MU,PROBE
SDO4844315,9191688000,2719,MU,PROBE
SDO4844315,6867990100,855,ASS,PROBE
SDO4844315,1490431100,11389,ASS,PROBE
SDO4844315,5672301100,3864,MU,PROBE
SDO4844315,737559000,4399,MU,PROBE
SDO4844315,570671100,1865,ASS,PROBE
SDO4844315,7809980100,24844,CEIL,PROBE
SDO4844315,9562098000,6643,PROV,PROBE
SDO4844315,8770189000,2301,MU,PROBE
SDO4844315,8864200100,3880,MU,PROBE
SDO4844315,8800788000,7048,PROV,PROBE
SDO4844315,518402100,1995,MU,PROBE
SDO4844315,2540539000,5600,MU,PROBE
SDO4844315,7819788000,1180,MU,PROBE
SDO4844315,5061050100,3180,PROV,PROBE
SDO4844315,718568378,635,PROV,PROBE
SDO4844315,957566959,1550,PROV,PROBE
SDO4844315,6681402100,6293,PROV,PROBE
SDO4844315,298328961,1483,MU,PROBE
SDO4844315,2283090100,7022,MU,PROBE
SDO4844315,9335160478,849,MU,PROBE
SDO4844315,1098059625,2044,MU,PROBE
SDO4844315,1614340100,4083,MU,PROBE
SDO4844315,7064101100,8952,ASS,PROBE
SDO4844315,3587688000,2572,PROV,PROBE
SDO4844315,704298000,4530,PROV,PROBE
SDO4844315,2922150100,10628,PROV,PROBE
SDO4844315,8033880100,2732,MU,PROBE
SDO4844315,176000100,3423,MU,PROBE
SDO4844315,4662612100,3270,MU,PROBE
SDO4844315,585131100,2850,MU,PROBE
SDO4844315,1284150100,4790,MU,PROBE
SDO4844315,6754101100,3900,MU,PROBE
SDO4844315,4695321100,4447,MU,PROBE
SDO4844315,766610100,2785,MU,PROBE
SDO4844315,1140520100,3630,MU,PROBE
SDO4844315,6718131100,3572,PROV,PROBE
SDO4844315,3797512100,3334,PROV,PROBE
SDO4844315,9005012100,1875,MU,PROBE
SDO4844315,7018971100,2705,PROV,PROBE
SDO4844315,5214819000,2354,PROV,PROBE
SDO4844315,9557330100,5383,PROV,PROBE
SDO4844315,5582870100,3006,MU,PROBE
SDO4844315,8076781100,3356,MU,PROBE
SDO4844315,64710100,3905,PROV,PROBE
SDO4844315,4845721100,2244,ASS,PROBE
SDO4844315,1228111100,38925,PROV,PROBE
SDO4844315,5655919000,2900,MU,PROBE
SDO4844315,9607228000,5141,PROV,PROBE
SDO4844315,8244440262,1805,MU,PROBE
SDO4844315,6044069000,5805,MU,PROBE
SDO4844315,278548000,8120,MU,PROBE
SDO4844315,8179870100,2185,PROV,PROBE
SDO4844315,307940100,2775,MU,PROBE
SDO4844315,5716568000,141848,PROV,PROBE
SDO4844315,7218778000,3572,MU,PROBE
SDO4844315,2440802100,2036,MU,PROBE
SDO4844315,9240939000,2145,PROV,PROBE
SDO4844315,2391338000,4881,MU,PROBE
SDO4844315,546951100,1632,MU,PROBE
SDO4844315,6838002100,4589,MU,PROBE
SDO4844315,5933209000,2555,MU,PROBE
SDO4844315,5477378000,5159,MU,PROBE
SDO4844315,174052893,1765,MU,PROBE
SDO4844315,9333359000,7977,PROV,PROBE
SDO4844315,4206041100,2956,ASS,PROBE
SDO4844315,4629970100,5203,MU,PROBE
SDO4844315,2725151100,2850,MU,PROBE
SDO4844315,1204157657,2713,PROV,PROBE
SDO4844315,863865797,1405,MU,PROBE
SDO4844315,3818111100,4286,MU,PROBE
SDO4844315,3358838000,4134,MU,PROBE
SDO4844315,7137990100,6378,PROV,PROBE
SDO4844315,8674821100,2442,MU,PROBE
SDO4844315,6557181556,1045,MU,PROBE
SDO4844315,9613179257,3248,MU,PROBE
SDO4844315,2415769000,4305,MU,PROBE
SDO4844315,8704801100,1767,ASS,PROBE
SDO4844315,6806519000,3505,MU,PROBE
SDO4844315,745521100,3580,MU,PROBE
SDO4844315,7008760100,2577,CEIL,PROBE
SDO4844315,1296588000,4260,MU,PROBE
SDO4844315,7105520100,6220,MU,PROBE
SDO4844315,1378956855,799,MU,PROBE
SDO4844315,9450411100,6897,ASS,PROBE
SDO4844315,4414029358,1025,PROV,PROBE
SDO4844315,9684878000,4260,MU,PROBE
SDO4844315,3735521100,2132,ASS,PROBE
SDO4844315,7258958249,2157,PROV,PROBE
SDO4844315,4217330100,4113,PROV,PROBE
SDO4844315,5170202100,4388,MU,PROBE
SDO4844315,6452261100,10745,CEIL,PROBE
SDO4844315,6658428000,4998,PROV,PROBE
SDO4844315,4382280100,5680,MU,PROBE
SDO4844315,641539000,1449,MU,PROBE
SDO4844315,5878771100,2066,ASS,PROBE
SDO4844315,2093368000,2265,PROV,PROBE
SDO4844315,2237541100,2950,MU,PROBE
SDO4844315,1783450100,450,MU,PROBE
SDO4844315,1220671100,3781,MU,PROBE
SDO4844315,9995901100,2986,MU,PROBE
SDO4844315,4277951100,3920,MU,PROBE
SDO4844315,5074602100,7595,CEIL,PROBE
SDO4844315,4483869000,1499,ASS,PROBE
SDO4844315,8597420100,3356,MU,PROBE
SDO4844315,8623612100,2879,MU,PROBE
SDO4844315,9407061100,8348,CEIL,PROBE
SDO4844315,563730100,3325,PROV,PROBE
SDO4844315,788179000,4855,MU,PROBE
SDO4844315,6228848235,1928,MU,PROBE
SDO4844315,9292612100,1185,MU,PROBE
SDO4844315,8639817984,1570,PROV,PROBE
SDO4844315,4873959000,2670,PROV,PROBE
SDO4844315,6304781221,2007,MU,PROBE
SDO4844315,3053558000,3760,MU,PROBE
SDO4844315,6399681100,3510,MU,PROBE
SDO4844315,2622002100,3502,MU,PROBE
SDO4844315,8308990100,2752,ASS,PROBE
SDO4844315,1620671100,3715,MU,PROBE
SDO4844315,8569311100,5960,CEIL,PROBE
SDO4844315,8780602100,3041,MU,PROBE
SDO4844315,3536432799,7987,CEIL,PROBE
SDO4844315,3990621100,2465,MU,PROBE
SDO4844315,1851119000,520,PROV,PROBE
SDO4844315,3977911100,6506,MU,PROBE
SDO4844315,5683721100,1925,PROV,PROBE
SDO4844315,5258721100,2399,MU,PROBE
SDO4844315,9393421100,1765,MU,PROBE
SDO4844315,9335539477,2368,MU,PROBE
SDO4844315,3371881100,2716,ASS,PROBE
SDO4844315,4641241100,5639,MU,PROBE
SDO4844315,334162937,2340,MU,PROBE
SDO4844315,8385911100,3720,MU,PROBE
SDO4844315,8869112100,3124,PROV,PROBE
SDO4844315,7687361100,3832,PROV,PROBE
SDO4844315,9754709000,1956,MU,PROBE
SDO4844315,2311259000,2720,MU,PROBE
SDO4844315,5370888000,2305,MU,PROBE
SDO4844315,215259000,2878,PROV,PROBE
SDO4844315,3494729000,3930,MU,PROBE
SDO4844315,6796778763,2065,MU,PROBE
SDO4844315,3920621100,2359,MU,PROBE
SDO4844315,1344660100,1766,MU,PROBE
SDO4844315,3200012100,5785,PROV,PROBE
SDO4844315,4388139000,3928,MU,PROBE
SDO4844315,7002291100,2550,MU,PROBE
SDO4844315,5552748000,3356,MU,PROBE
SDO4844315,1152002100,3160,MU,PROBE
SDO4844315,1064210100,6770,CEIL,PROBE
SDO4844315,4968991100,5106,MU,PROBE
SDO4844315,9585878000,4014,PROV,PROBE
SDO4844315,9407741100,2875,ASS,PROBE
SDO4844315,8522019000,59.02,MU,PROBE
SDO4844315,9887750100,4180,MU,PROBE
SDO4844315,6045749000,2140,PROV,PROBE
SDO4844315,910070100,4339,MU,PROBE
SDO4844315,4915878000,2334,MU,PROBE
SDO4844315,3710671100,2120,MU,PROBE
SDO4844315,9292200100,1245,PROV,PROBE
SDO4844315,7826940100,3500,ASS,PROBE
SDO4844315,6435820190,1408,PROV,PROBE
SDO4844315,453959000,3100,MU,PROBE
SDO4844315,9512209440,1770,PROV,PROBE
SDO4844315,2487029000,4122,MU,PROBE
SDO4844315,1332881100,2639,MU,PROBE
SDO4844315,2359341100,5205,MU,PROBE
SDO4844315,8859560100,1785,MU,PROBE
SDO4844315,2492469000,17994,PROV,PROBE
SDO4844315,6027710100,7342,MU,PROBE
SDO4844315,8085682142,1390,MU,PROBE
SDO4844315,2588479750,2498,MU,PROBE
SDO4844315,179881100,5036,MU,PROBE
SDO4844315,5151830100,20775,PROV,PROBE
SDO4844315,6644710100,2560,PROV,PROBE
SDO4844315,1828091100,1745,MU,PROBE
SDO4844315,4425869000,5935,MU,PROBE
SDO4844315,9397171957,1925,PROV,PROBE
SDO4844315,3161049000,2850,MU,PROBE
SDO4844315,8141050100,3979,MU,PROBE
SDO4844315,8066350100,3870,MU,PROBE
SDO4844315,9940149394,4900,CEIL,PROBE
SDO4844315,6881548000,2726,MU,PROBE
SDO4844315,977701100,1593,MU,PROBE
SDO4844315,8402691100,3872,MU,PROBE
SDO4844315,6651241100,3289,MU,PROBE
SDO4844315,7228398000,4290,MU,PROBE
SDO4844315,3933640100,2705,MU,PROBE
SDO4844315,9779501100,2946,MU,PROBE
SDO4844315,7299048000,2145,PROV,PROBE
SDO4844315,9378570100,2970,PROV,PROBE
SDO4844315,5700312100,2600,ASS,PROBE
SDO4844315,7196478000,525,MU,PROBE
SDO4844315,3926141100,675,MU,PROBE
SDO4844315,6252679000,4020,MU,PROBE
SDO4844315,4141691100,3584,MU,PROBE
SDO4844315,2907861100,2432,ASS,PROBE
SDO4844315,8252963141,929,PROV,PROBE
SDO4844315,9992069000,1950,ASS,PROBE
SDO4844315,1994869898,4415,MU,PROBE
SDO4844315,8272301100,1835,ASS,PROBE
SDO4844315,4635041100,1459,MU,PROBE
SDO4844315,4413499000,3802,PROV,PROBE
SDO4844315,6788389000,6639,MU,PROBE
SDO4844315,1669980100,11002,PROV,PROBE
SDO4844315,9710338000,2010,PROV,PROBE
SDO4844315,5119622027,0,ASS,PROBE
SDO4844315,6645311100,283,ASS,PROBE
SDO4844315,4261558000,10745,CEIL,PROBE
SDO4844315,727081100,24618,PROV,PROBE
SDO4844315,7589498000,3435,MU,PROBE
SDO4844315,7336470100,3563,MU,PROBE
SDO4844315,8156561100,1831,ASS,PROBE
SDO4844315,5042280100,5545,MU,PROBE
SDO4844315,94019000,3926,MU,PROBE
SDO4844315,8102698000,4501,MU,PROBE
SDO4844315,5217330100,3366,PROV,PROBE
SDO4844315,9813750100,3781,MU,PROBE
SDO4844315,8434078000,8030,PROV,PROBE
SDO4844315,7988931100,12765,PROV,PROBE
SDO4844315,4962748000,6135,MU,PROBE
SDO4844315,6234690100,1023,MU,PROBE
SDO4844315,9594411100,4885,MU,PROBE
SDO4844315,4315066915,1042,PROV,PROBE
SDO4844315,4428738000,4146,MU,PROBE
SDO4844315,5605841100,4147,PROV,PROBE
SDO4844315,9062078000,4393,MU,PROBE
SDO4844315,7008881100,1225,ASS,PROBE
SDO4844315,2779428000,3652,MU,PROBE
SDO4844315,5248498000,152,MU,PROBE
SDO4844315,516210100,400,PROV,PROBE
SDO4844315,1458131100,10390,CEIL,PROBE
SDO4844315,3097022998,1173,MU,PROBE
SDO4844315,6544121100,3475,MU,PROBE
SDO4844315,4744858000,4458,MU,PROBE
SDO4844315,7245041100,4127,MU,PROBE
SDO4844315,3441264956,1155,PROV,PROBE
SDO4844315,4894769000,5364,PROV,PROBE
SDO4844315,1937590100,2815,PROV,PROBE
SDO4844315,4617591100,4886,MU,PROBE
SDO4844315,7628528000,2173,MU,PROBE
SDO4844315,1853559000,6180,MU,PROBE
SDO4844315,5146061100,3030,MU,PROBE
SDO4844315,3248428000,3781,MU,PROBE
SDO4844315,6453321100,1919,MU,PROBE
SDO4844315,7275660100,8595,CEIL,PROBE
SDO4844315,4819551100,1236,MU,PROBE
SDO4844315,1108990100,3470,ASS,PROBE
SDO4844315,5224681100,3130,MU,PROBE
SDO4844315,1988691100,3375,PROV,PROBE
SDO4844315,3407679000,2760,MU,PROBE
SDO4844315,592058000,2820,PROV,PROBE
SDO4844315,201481100,2175,MU,PROBE
SDO4844315,894749000,15105,ASS,PROBE
SDO4844315,7730804924,976,MU,PROBE
SDO4844315,6687939582,1080,MU,PROBE
SDO4844315,3089350744,1355,PROV,PROBE
SDO4844315,5998968000,3380,MU,PROBE
SDO4844315,4245521100,9465,CEIL,PROBE
SDO4844315,1701660100,3255,MU,PROBE
SDO4844315,9324756295,1420,PROV,PROBE
SDO4844315,4891530100,3420,MU,PROBE
SDO4844315,9923392842,2231,PROV,PROBE
SDO4844315,2981139000,1789,PROV,PROBE
SDO4844315,4595311100,1452,ASS,PROBE
SDO4844315,223558000,808,MU,PROBE
SDO4844315,2420329000,4558,MU,PROBE
SDO4844315,8451730100,2547,PROV,PROBE
SDO4844315,3503822227,3161,MU,PROBE
SDO4844315,9944450100,2758,MU,PROBE
SDO4844315,5558680059,985,MU,PROBE
SDO4844315,663600100,2950,MU,PROBE
SDO4844315,92802100,4215,CEIL,PROBE
SDO4844315,65241100,2080,MU,PROBE
SDO4844315,2078662366,960,PROV,PROBE
SDO4844315,2554101100,3230,MU,PROBE
SDO4844315,6787168000,3633,MU,PROBE
SDO4844315,7964560100,2718,PROV,PROBE
SDO4844315,8205350100,5712,MU,PROBE
SDO4844315,4731691100,1849,MU,PROBE
SDO4844315,1180280100,3318,PROV,PROBE
SDO4844315,937329000,468,PROV,PROBE
SDO4844315,9108131100,2363,MU,PROBE
SDO4844315,7718291100,5428,MU,PROBE
SDO4844315,8268509544,1630,MU,PROBE
SDO4844315,8431023421,1436,PROV,PROBE
SDO4844315,3061148000,7505,PROV,PROBE
SDO4844315,6596800100,3165,MU,PROBE
SDO4844315,4953721100,2760,MU,PROBE
SDO4844315,3297091581,1800,MU,PROBE
SDO4844315,3747671100,9348,MU,PROBE
SDO4844315,7149402100,3519,MU,PROBE
SDO4844315,1264690100,3875,ASS,PROBE
SDO4844315,4448219000,2606,MU,PROBE
SDO4844315,1945409000,1600,ASS,PROBE
SDO4844315,3316349000,3125,PROV,PROBE
SDO4844315,8247019000,4308,PROV,PROBE
SDO4844315,5007261100,8024,MU,PROBE
SDO4844315,3943717020,1870,MU,PROBE
SDO4844315,3036841100,2980,MU,PROBE
SDO4844315,5236470100,1375,PROV,PROBE
SDO4844315,9492733436,1099,MU,PROBE
SDO4844315,4792330100,4823,MU,PROBE
SDO4844315,5166395628,2094,MU,PROBE
SDO4844315,1118420100,2742,MU,PROBE
SDO4844315,9996191100,3245,PROV,PROBE
SDO4844315,9564898000,3232,PROV,PROBE
SDO4844315,4912402100,4506,MU,PROBE
SDO4844315,8934602100,3618,MU,PROBE
SDO4844315,5087760100,3265,MU,PROBE
SDO4844315,3399238000,3354,MU,PROBE
SDO4844315,5560251100,2150,MU,PROBE
SDO4844315,9371148000,4065,ASS,PROBE
SDO4844315,6755869000,3635,PROV,PROBE
SDO4844315,5007750100,1539,ASS,PROBE
SDO4844315,6149778000,2183,PROV,PROBE
SDO4844315,3553500100,3980,MU,PROBE
SDO4844315,2885231100,6494,CEIL,PROBE
SDO4844315,4404801100,5720,MU,PROBE
SDO4844315,6890689000,3220,PROV,PROBE
SDO4844315,2437539033,5305,MU,PROBE
SDO4844315,718738000,6387,PROV,PROBE
SDO4844315,2463749000,4120,MU,PROBE
SDO4844315,7207191100,8879,CEIL,PROBE
SDO4844315,6631349000,4400,MU,PROBE
SDO4844315,8240402100,27465,ASS,PROBE
SDO4844315,2503699000,5678,PROV,PROBE
SDO4844315,1051499000,3878,MU,PROBE
SDO4844315,5927663452,1699,MU,PROBE
SDO4844315,7638571100,4060,MU,PROBE
SDO4844315,4580869000,6085,MU,PROBE
SDO4844315,8505769000,1475,ASS,PROBE
SDO4844315,1124119000,4950,MU,PROBE
SDO4844315,2977511100,3762,MU,PROBE
SDO4844315,7980458000,4144,PROV,PROBE
SDO4844315,6385029857,3301,MU,PROBE
SDO4844315,9558721100,2670,PROV,PROBE
SDO4844315,3432291100,4020,MU,PROBE
SDO4844315,6600830100,2952,MU,PROBE
SDO4844315,4273540100,1913,MU,PROBE
SDO4844315,715511100,3458,PROV,PROBE
SDO4844315,4017302608,632,PROV,PROBE
SDO4844315,9447179000,2728,PROV,PROBE
SDO4844315,1262612100,1182,ASS,PROBE
SDO4844315,4068802100,5645,MU,PROBE
SDO4844315,5315869000,4199,MU,PROBE
SDO4844315,7431414754,1670,MU,PROBE
SDO4844315,6096539000,3199,MU,PROBE
SDO4844315,8939911100,3095,PROV,PROBE
SDO4844315,3399369000,1139,MU,PROBE
SDO4844315,1736758000,1836,ASS,PROBE
SDO4844315,2690602100,1518,PROV,PROBE
SDO4844315,9081376877,1020,MU,PROBE
SDO4844315,4086651100,1972,PROV,PROBE
SDO4844315,2057291100,1062,ASS,PROBE
SDO4844315,1686570100,2076,MU,PROBE
SDO4844315,7798760100,7433,ASS,PROBE
SDO4844315,1795968000,3618,MU,PROBE
SDO4844315,5267695514,883,MU,PROBE
SDO4844315,8321928000,4687,MU,PROBE
SDO4844315,4709140100,3979,PROV,PROBE
SDO4844315,5009398000,1182,ASS,PROBE
SDO4844315,5139971694,3665,CEIL,PROBE
SDO4844315,1169181100,6837,MU,PROBE
SDO4844315,1198288000,2750,PROV,PROBE
SDO4844315,7660861100,3819,CEIL,PROBE
SDO4844315,7368550670,1653,MU,PROBE
SDO4844315,9670530100,10010,PROV,PROBE
SDO4844315,9918081100,3245,PROV,PROBE
SDO4844315,6006721100,6690,MU,PROBE
SDO4844315,2687240644,2179,MU,PROBE
SDO4844315,4204101100,3124,ASS,PROBE
SDO4844315,6452837843,2143,MU,PROBE
SDO4844315,1298591100,1767,ASS,PROBE
SDO4844315,9753749000,3555,MU,PROBE
SDO4844315,1250431100,1709,MU,PROBE
SDO4844315,7195151100,3269,MU,PROBE
SDO4844315,9497738000,8499,PROV,PROBE
SDO4844315,492701100,3030,MU,PROBE
SDO4844315,5076478000,3482,PROV,PROBE
SDO4844315,5896243670,709,MU,PROBE
SDO4844315,1119229971,1830,MU,PROBE
SDO4844315,8171259000,4299,MU,PROBE
SDO4844315,4731530100,5988,MU,PROBE
SDO4844315,2644182559,864,PROV,PROBE
SDO4844315,5023959000,2076,CEIL,PROBE
SDO4844315,5389191100,4019,PROV,PROBE
SDO4844315,5074699000,3067,MU,PROBE
SDO4844315,4884421100,3376,ASS,PROBE
SDO4844315,5985301100,4459,MU,PROBE
SDO4844315,6652089000,3756,MU,PROBE
SDO4844315,573531100,6197,PROV,PROBE
SDO4844315,3893190100,3846,PROV,PROBE
SDO4844315,430431100,3442,MU,PROBE
SDO4844315,4044220469,1852,PROV,PROBE
SDO4844315,7833870100,2034,MU,PROBE
SDO4844315,9950888000,4199,MU,PROBE
SDO4844315,7452120110,2323,MU,PROBE
SDO4844315,6968261100,4888,MU,PROBE
SDO4844315,4445793848,1125,PROV,PROBE
SDO4844315,2331730100,46799,ASS,PROBE
SDO4844315,6831881100,3818,MU,PROBE
SDO4844315,3010970100,4687,MU,PROBE
SDO4844315,2559151100,2797,MU,PROBE
SDO4844315,9990431100,3031,MU,PROBE
SDO4844315,3391729000,1239,PROV,PROBE
SDO4844315,904069000,4500,CEIL,PROBE
SDO4844315,5837568000,4285,MU,PROBE
SDO4844315,2548869000,975,MU,PROBE
SDO4844315,6877498000,3235,PROV,PROBE
SDO4844315,5959610100,5430,PROV,PROBE
SDO4844315,1933738000,2400,PROV,PROBE
SDO4844315,46721100,2885,MU,PROBE
SDO4844315,5587961100,3490,MU,PROBE
SDO4844315,8152653940,1773,PROV,PROBE
SDO4844315,9301458000,3712,ASS,PROBE
SDO4844315,9439151100,3886,ASS,PROBE
SDO4844315,4776539000,2533,MU,PROBE
SDO4844315,44867671,2099,MU,PROBE
SDO4844315,4592881100,1920,ASS,PROBE
SDO4844315,6596190100,3641,MU,PROBE
SDO4844315,2020969595,1820,PROV,PROBE
SDO4844315,176361100,3356,MU,PROBE
SDO4844315,1466121787,858,MU,PROBE
SDO4844315,1154368000,1586,PROV,PROBE
SDO4844315,192049000,3133,MU,PROBE
SDO4844315,909179000,8835,PROV,PROBE
SDO4844315,3414900100,3183,ASS,PROBE
SDO4844315,2878520100,3967,MU,PROBE
SDO4844315,2249778000,3515,PROV,PROBE
SDO4844315,9690520100,2080,MU,PROBE
SDO4844315,6823268000,1300,MU,PROBE
SDO4844315,9851928000,5085,MU,PROBE
SDO4844315,9778171100,9246,ASS,PROBE
SDO4844315,2396489000,2560,MU,PROBE
SDO4844315,6591604934,1260,PROV,PROBE
SDO4844315,662098000,4389,MU,PROBE
SDO4844315,5558531100,2780,MU,PROBE
SDO4844315,6412738000,7165,PROV,PROBE
SDO4844315,520870100,3430,MU,PROBE
SDO4844315,2239095026,4132,MU,PROBE
SDO4844315,6218188000,4465,PROV,PROBE
SDO4844315,5013539000,22049,PROV,PROBE
SDO4844315,1246159000,3712,PROV,PROBE
SDO4844315,2932691100,3082,MU,PROBE
SDO4844315,8253458000,3603,ASS,PROBE
SDO4844315,3787961100,3368,MU,PROBE
SDO4844315,4777751100,2979,MU,PROBE
SDO4844315,8592758000,3009,PROV,PROBE
SDO4844315,5796435091,2365,MU,PROBE
SDO4844315,2138321100,5199,MU,PROBE
SDO4844315,4869548000,2319,MU,PROBE
SDO4844315,9851470100,4493,MU,PROBE
SDO4844315,687638116,1460,ASS,PROBE
SDO4844315,5182339000,4134,PROV,PROBE
SDO4844315,8515420100,2817,PROV,PROBE
SDO4844315,8067072088,1563,PROV,PROBE
SDO4844315,4633069903,1206,MU,PROBE
SDO4844315,6601008682,1819,MU,PROBE
SDO4844315,1118911100,3200,MU,PROBE
SDO4844315,9329191100,2075,ASS,PROBE
SDO4844315,334898000,2350,PROV,PROBE
SDO4844315,6949388000,5100,MU,PROBE
SDO4844315,8730671100,3143,MU,PROBE
SDO4844315,68721100,3423,MU,PROBE
SDO4844315,5579139000,2699,PROV,PROBE
SDO4844315,5318330100,3353,MU,PROBE
SDO4844315,146451100,4985,MU,PROBE
SDO4844315,7069820100,3387,PROV,PROBE
SDO4844315,2419540100,3304,PROV,PROBE
SDO4844315,9907414520,679,PROV,PROBE
SDO4844315,3322458000,5400,CEIL,PROBE
SDO4844315,9437361100,1799,ASS,PROBE
SDO4844315,4436660100,14520,PROV,PROBE
SDO4844315,168301100,2499,MU,PROBE
SDO4844315,1935729000,2125,MU,PROBE
SDO4844315,6237358000,4284,MU,PROBE
SDO4844315,2472212100,2820,MU,PROBE
SDO4844315,7045012100,3583,MU,PROBE
SDO4844315,6298511001,1265,MU,PROBE
SDO4844315,2874602100,5037,MU,PROBE
SDO4844315,4629438000,2468,PROV,PROBE
SDO4844315,8081889000,3468,PROV,PROBE
SDO4844315,6211881100,10952,PROV,PROBE
SDO4844315,5868559000,1404,ASS,PROBE
SDO4844315,3670302100,1662,ASS,PROBE
SDO4844315,1627439000,4853,MU,PROBE
SDO4844315,5907834501,583,PROV,PROBE
SDO4844315,3356131100,3702,MU,PROBE
SDO4844315,1275919000,1628,MU,PROBE
SDO4844315,2916727035,3980,MU,PROBE
SDO4844315,245401100,3505,PROV,PROBE
SDO4844315,3992990100,4123,MU,PROBE
SDO4844315,6682850100,59195,CEIL,PROBE
SDO4844315,814520100,3850,PROV,PROBE
SDO4844315,3419969000,4727,MU,PROBE
SDO4844315,7804231100,2625,ASS,PROBE
SDO4844315,926209000,7181,MU,PROBE
SDO4844315,1380520100,3749,MU,PROBE
SDO4844315,6539551100,1620,ASS,PROBE
SDO4844315,9213850100,3540,MU,PROBE
SDO4844315,4041519487,875,PROV,PROBE
SDO4844315,169589000,4565,PROV,PROBE
SDO4844315,9843471100,2626,MU,PROBE
SDO4844315,999951100,505,ASS,PROBE
SDO4844315,1385990100,2977,PROV,PROBE
SDO4844315,9089598000,14405,MU,PROBE
SDO4844315,1295151100,650,ASS,PROBE
SDO4844315,674101100,2652,MU,PROBE
SDO4844315,6354511100,1220,MU,PROBE
SDO4844315,9583090100,3070,MU,PROBE
SDO4844315,3286151100,2280,ASS,PROBE
SDO4844315,5189212100,1519,MU,PROBE
SDO4844315,9804069000,3618,MU,PROBE
SDO4844315,335690679,1178,PROV,PROBE
SDO4844315,97302100,3270,MU,PROBE
SDO4844315,9286078000,6425,MU,PROBE
SDO4844315,4821458000,3874,MU,PROBE
SDO4844315,5545390100,7895,MU,PROBE
SDO4844315,9829928000,3014,PROV,PROBE
SDO4844315,5418070100,1712,ASS,PROBE
SDO4844315,1117367356,2810,MU,PROBE
SDO4844315,5747750100,2298,PROV,PROBE
SDO4844315,7008531100,4800,MU,PROBE
SDO4844315,6526931100,6935,MU,PROBE
SDO4844315,8960891100,2413,ASS,PROBE
SDO4844315,9502691100,3618,MU,PROBE
SDO4844315,2302507558,536,MU,PROBE
SDO4844315,28911100,3640,MU,PROBE
SDO4844315,1675568000,2145,ASS,PROBE
SDO4844315,8685051100,1465,PROV,PROBE
SDO4844315,4673114770,890,MU,PROBE
SDO4844315,6821641100,4486,MU,PROBE
SDO4844315,114801100,3206,MU,PROBE
SDO4844315,9887511100,3819,MU,PROBE
SDO4844315,2268781100,3800,MU,PROBE
SDO4844315,167991100,2319,PROV,PROBE
SDO4844315,21012100,1698,MU,PROBE
SDO4844315,4149551100,3876,MU,PROBE
SDO4844315,92041912,1498,MU,PROBE
SDO4844315,9699551100,475,ASS,PROBE
SDO4844315,3362212100,4100,MU,PROBE
SDO4844315,2671881100,3333,MU,PROBE
SDO4844315,3210271100,3657,MU,PROBE
SDO4844315,993531100,2400,ASS,PROBE
SDO4844315,9884609000,4332,PROV,PROBE
SDO4844315,9740329000,1388,PROV,PROBE
SDO4844315,7400801310,3211,MU,PROBE
SDO4844315,6837568000,6288,CEIL,PROBE
SDO4844315,2624709000,2232,ASS,PROBE
SDO4844315,2885751100,2204,ASS,PROBE
SDO4844315,6645710100,8995,PROV,PROBE
SDO4844315,4915778000,2345,MU,PROBE
SDO4844315,3613209000,2579,MU,PROBE
SDO4844315,3786738000,3690,MU,PROBE
SDO4844315,3449030100,3624,MU,PROBE
SDO4844315,6539970100,3254,MU,PROBE
SDO4844315,9976912608,2044,MU,PROBE
SDO4844315,8626358000,2526,ASS,PROBE
SDO4844315,2410139000,4070,MU,PROBE
SDO4844315,9759361100,4056,MU,PROBE
SDO4844315,9945773818,2055,MU,PROBE
SDO4844315,2947071100,2329,ASS,PROBE
SDO4844315,5082871100,3423,MU,PROBE
SDO4844315,2117973818,3206,MU,PROBE
SDO4844315,3846124039,2830,MU,PROBE
SDO4844315,4827171100,2912,MU,PROBE
SDO4844315,8469181100,3150,MU,PROBE
SDO4844315,4989044787,1755,MU,PROBE
SDO4844315,8275065464,1496,PROV,PROBE
SDO4844315,8048969000,3205,MU,PROBE
SDO4844315,9651655909,1430,PROV,PROBE
SDO4844315,2517990100,4095,PROV,PROBE
SDO4844315,9447779000,3296,MU,PROBE
SDO4844315,4887761100,2102,MU,PROBE
SDO4844315,6942499000,5043,CEIL,PROBE
SDO4844315,2491880100,3255,MU,PROBE
SDO4844315,1668511100,3468,MU,PROBE
SDO4844315,6442831134,4825,MU,PROBE
SDO4844315,608425514,1632,PROV,PROBE
SDO4844315,1757968000,2955,MU,PROBE
SDO4844315,7908951100,7720,MU,PROBE
SDO4844315,2870838000,5235,MU,PROBE
SDO4844315,1482612100,7882,MU,PROBE
SDO4844315,8797361100,2875,MU,PROBE
SDO4844315,9672900100,6835,MU,PROBE
SDO4844315,4476190100,1865,ASS,PROBE
SDO4844315,9305825041,1925,PROV,PROBE
SDO4844315,1040697708,2793,PROV,PROBE
SDO4844315,3704889000,4925,MU,PROBE
SDO4844315,7310330100,7667,CEIL,PROBE
SDO4844315,4986539000,2940,ASS,PROBE
SDO4844315,183690100,3124,MU,PROBE
SDO4844315,4188370100,3205,PROV,PROBE
SDO4844315,2252259000,2865,PROV,PROBE
SDO4844315,1831512717,1243,MU,PROBE
SDO4844315,7929426403,2198,MU,PROBE
SDO4844315,53998000,4376,MU,PROBE
SDO4844315,5836210100,6785,PROV,PROBE
SDO4844315,9627878000,3465,PROV,PROBE
SDO4844315,4645631100,10207,MU,PROBE
SDO4844315,864521100,5939,CEIL,PROBE
SDO4844315,195850100,5720,MU,PROBE
SDO4844315,4923374470,1311,MU,PROBE
SDO4844315,540100100,3004,MU,PROBE
SDO4844315,2469705118,1516,PROV,PROBE
SDO4844315,8464549000,3083,MU,PROBE
SDO4844315,520482052,522,PROV,PROBE
SDO4844315,1396478000,2495,MU,PROBE
SDO4844315,5616629000,3584,PROV,PROBE
SDO4844315,1914390100,2598,ASS,PROBE
SDO4844315,5808823239,1765,MU,PROBE
SDO4844315,5789594850,2600,MU,PROBE
SDO4844315,4807160100,4180,MU,PROBE
SDO4844315,6446569000,3439,ASS,PROBE
SDO4844315,2499442478,1408,MU,PROBE
SDO4844315,2586878000,1699,MU,PROBE
SDO4844315,1420449000,4800,CEIL,PROBE
SDO4844315,6397469000,4075,MU,PROBE
SDO4844315,3572058000,3255,MU,PROBE
SDO4844315,9387112306,2355,MU,PROBE
SDO4844315,4442352019,8390,MU,PROBE
SDO4844315,8956358000,3215,MU,PROBE
SDO4844315,1707961100,1759,ASS,PROBE
SDO4844315,8389560100,9546,CEIL,PROBE
SDO4844315,4761226177,2153,MU,PROBE
SDO4844315,6515376192,1450,PROV,PROBE
SDO4844315,2382369576,630,MU,PROBE
SDO4844315,2461412483,1830,MU,PROBE
SDO4844315,4175710100,3453,MU,PROBE
SDO4844315,9488390100,3180,MU,PROBE
SDO4844315,3482039405,1700,MU,PROBE
SDO4844315,8065731100,3423,MU,PROBE
SDO4844315,332311314,520,PROV,PROBE
SDO4844315,9091691100,2564,ASS,PROBE
SDO4844315,549620100,4345,PROV,PROBE
SDO4844315,3915521498,956,MU,PROBE
SDO4844315,5051340100,5513,MU,PROBE
SDO4844315,6033679000,3732,MU,PROBE
SDO4844315,1883690100,3209,PROV,PROBE
SDO4844315,8402086118,1782,MU,PROBE
SDO4844315,6632640100,722,PROV,PROBE
SDO4844315,7204931100,4419,MU,PROBE
SDO4844315,4029140100,2168,PROV,PROBE
SDO4844315,3004911100,1485,ASS,PROBE
SDO4844315,4648419000,2420,MU,PROBE
SDO4844315,6679020100,22242,CEIL,PROBE
SDO4844315,4539741100,6253,CEIL,PROBE
SDO4844315,8812928000,3280,PROV,PROBE
SDO4844315,84548000,4475,MU,PROBE
SDO4844315,705031100,4432,PROV,PROBE
SDO4844315,1385649134,1466,PROV,PROBE
SDO4844315,1869791100,3519,MU,PROBE
SDO4844315,4381481100,5296,ASS,PROBE
SDO4844315,6205349000,7396,MU,PROBE
SDO4844315,8136478000,6172,MU,PROBE
SDO4844315,5169702100,3917,MU,PROBE
SDO4844315,4901898000,5118,MU,PROBE
SDO4844315,9083931100,3781,MU,PROBE
SDO4844315,1087321100,2830,MU,PROBE
SDO4844315,4557560100,4135,MU,PROBE
SDO4844315,454091100,2791,ASS,PROBE
SDO4844315,9800212100,7510,PROV,PROBE
SDO4844315,2682640100,5689,MU,PROBE
SDO4844315,1798369000,4350,MU,PROBE
SDO4844315,264501100,2079,ASS,PROBE
SDO4844315,9637638000,3213,PROV,PROBE
SDO4844315,2468531100,1349,MU,PROBE
SDO4844315,3504148000,3781,MU,PROBE
SDO4844315,2562402100,2681,ASS,PROBE
SDO4844315,2922002100,3689,MU,PROBE
SDO4844315,3590958242,18665,PROV,PROBE
SDO4844315,5276588000,5672,MU,PROBE
SDO4844315,4088330100,3519,MU,PROBE
SDO4844315,728420100,7275,CEIL,PROBE
SDO4844315,6476653607,2058,MU,PROBE
SDO4844315,9201671100,3085,PROV,PROBE
SDO4844315,5178171100,6062,MU,PROBE
SDO4844315,9343321100,22799,ASS,PROBE
SDO4844315,3301081100,3303,MU,PROBE
SDO4844315,5191280100,3977,MU,PROBE
SDO4844315,9986861100,3050,MU,PROBE
SDO4844315,74841100,7750,ASS,PROBE
SDO4844315,4138299000,4365,MU,PROBE
SDO4844315,5577511100,3056,MU,PROBE
SDO4844315,3380412100,9104,MU,PROBE
SDO4844315,2367324797,1643,MU,PROBE
SDO4844315,9854660100,4565,PROV,PROBE
SDO4844315,8559551100,2848,ASS,PROBE
SDO4844315,6780288000,9295,PROV,PROBE
SDO4844315,5635101100,2825,MU,PROBE
SDO4844315,733190100,2005,MU,PROBE
SDO4844315,1877521100,2870,PROV,PROBE
SDO4844315,2736731100,3098,MU,PROBE
SDO4844315,4870449000,3355,PROV,PROBE
SDO4844315,8163458000,1625,MU,PROBE
SDO4844315,6828131100,3702,MU,PROBE
SDO4844315,5300071100,2690,ASS,PROBE
SDO4844315,6298179000,7165,MU,PROBE
SDO4844315,5560384641,1698,MU,PROBE
SDO4844315,5074551100,4055,PROV,PROBE
SDO4844315,1404131100,4239,MU,PROBE
SDO4844315,2463540100,5430,MU,PROBE
SDO4844315,6203002100,2852,MU,PROBE
SDO4844315,1201481100,5790,ASS,PROBE
SDO4844315,2770581611,8309,CEIL,PROBE
SDO4844315,3673721100,4765,ASS,PROBE
SDO4844315,1459420100,26932,PROV,PROBE
SDO4844315,2778040100,3929,PROV,PROBE
SDO4844315,7809920100,2730,MU,PROBE
SDO4844315,3974801100,2725,MU,PROBE
SDO4844315,1820312100,5748,PROV,PROBE
SDO4844315,9100461100,1200,ASS,PROBE
SDO4844315,8777482055,712,ASS,PROBE
SDO4844315,4136928000,8033,ASS,PROBE
SDO4844315,8938429000,2940,MU,PROBE
SDO4844315,1639181100,2764,MU,PROBE
SDO4844315,6087761100,3379,MU,PROBE
SDO4844315,8339911100,7378,MU,PROBE
SDO4844315,7504819000,3272,PROV,PROBE
SDO4844315,2298151100,3570,MU,PROBE
SDO4844315,3597420100,2720,PROV,PROBE
SDO4844315,4874919000,5256,MU,PROBE
SDO4844315,62330100,5450,MU,PROBE
SDO4844315,1071050100,3886,MU,PROBE
SDO4844315,366778000,2795,PROV,PROBE
SDO4844315,5600461100,1495,MU,PROBE
SDO4844315,1171172754,2783,MU,PROBE
SDO4844315,9132939000,1255,MU,PROBE
SDO4844315,5117990100,2225,PROV,PROBE
SDO4844315,8427358000,1000,PROV,PROBE
SDO4844315,1858327534,1734,ASS,PROBE
SDO4844315,5003640100,7695,0,PROBE
SDO4844315,3710202100,1964,MU,PROBE
SDO4844315,3896590100,2255,MU,PROBE
SDO4844315,3176729000,6155,MU,PROBE
SDO4844315,7579539741,764,ASS,PROBE
SDO4844315,8150917987,7525,MU,PROBE
SDO4844315,8673610100,3428,ASS,PROBE
SDO4844315,8242340100,7397,MU,PROBE
SDO4844315,4007400100,3574,MU,PROBE
SDO4844315,4387616247,2624,MU,PROBE
SDO4844315,7386461100,4253,MU,PROBE
SDO4844315,3162019000,3075,PROV,PROBE
SDO4844315,66590100,4181,MU,PROBE
SDO4844315,2067978000,2908,PROV,PROBE
SDO4844315,6670598000,4095,MU,PROBE
SDO4844315,4359288000,2628,PROV,PROBE
SDO4844315,9539112100,3782,PROV,PROBE
SDO4844315,3081248000,3471,ASS,PROBE
SDO4844315,8471900100,1938,PROV,PROBE
SDO4844315,2873709000,2655,PROV,PROBE
SDO4844315,7408330100,11645,PROV,PROBE
SDO4844315,5655699000,2791,MU,PROBE
SDO4844315,5708778000,3654,PROV,PROBE
SDO4844315,9278131100,3356,PROV,PROBE
SDO4844315,6013401100,3202,MU,PROBE
SDO4844315,5234862442,2256,MU,PROBE
SDO4844315,5900061100,4385,PROV,PROBE
SDO4844315,3460464544,2430,PROV,PROBE
SDO4844315,6541530100,3356,MU,PROBE
SDO4844315,13384871,2233,MU,PROBE
SDO4844315,155470100,3224,MU,PROBE
SDO4844315,3590811100,4215,PROV,PROBE
SDO4844315,5465841100,3519,MU,PROBE
SDO4844315,3180036232,2100,MU,PROBE
SDO4844315,2059895792,3001,PROV,PROBE
SDO4844315,2352100100,3180,MU,PROBE
SDO4844315,6933679000,1922,ASS,PROBE
SDO4844315,8987280100,3028,MU,PROBE
SDO4844315,8559978000,2726,PROV,PROBE
SDO4844315,9074169000,2065,MU,PROBE
SDO4844315,6217638000,5213,MU,PROBE
SDO4844315,2996140100,3556,MU,PROBE
SDO4844315,9919274213,1550,MU,PROBE
SDO4844315,7616331100,4463,MU,PROBE
SDO4844315,3342212100,6865,PROV,PROBE
SDO4844315,8707990100,2499,ASS,PROBE
SDO4844315,9643212100,3420,PROV,PROBE
SDO4844315,2395204084,8426,MU,PROBE
SDO4844315,7957321100,3356,MU,PROBE
SDO4844315,4144211100,1443,ASS,PROBE
SDO4844315,5987498000,3950,PROV,PROBE
SDO4844315,9769702913,1365,PROV,PROBE
SDO4844315,4589789000,5203,CEIL,PROBE
SDO4844315,2377555087,900,MU,PROBE
SDO4844315,4449207792,1098,MU,PROBE
SDO4844315,8355200100,2910,MU,PROBE
SDO4844315,891050100,4509,MU,PROBE
SDO4844315,8840469000,10524,PROV,PROBE
SDO4844315,4195901100,3220,MU,PROBE
SDO4844315,2259959000,1131.66,MU,PROBE
SDO4844315,774953336,789,MU,PROBE
SDO4844315,6640011100,9598,MU,PROBE
SDO4844315,8585395753,1162,MU,PROBE
SDO4844315,29131100,3652,MU,PROBE
SDO4844315,1594442767,1025,PROV,PROBE
SDO4844315,6497371100,12625,CEIL,PROBE
SDO4844315,1018810100,6229,MU,PROBE
SDO4844315,262920100,6264,CEIL,PROBE
SDO4844315,9748489000,15238,PROV,PROBE
SDO4844315,8683200100,3860,MU,PROBE
SDO4844315,1801288000,1764,PROV,PROBE
SDO4844315,342058000,772,MU,PROBE
SDO4844315,8111803896,819,PROV,PROBE
SDO4844315,8272688000,4955,MU,PROBE
SDO4844315,1556161100,4899,MU,PROBE
SDO4844315,8639551100,4463,PROV,PROBE
SDO4844315,9844111100,6155,PROV,PROBE
SDO4844315,4121531459,5380,CEIL,PROBE
SDO4844315,5774707887,1845,MU,PROBE
SDO4844315,8954911100,3269,ASS,PROBE
SDO4844315,9750116504,2706,MU,PROBE
SDO4844315,21271100,3356,MU,PROBE
SDO4844315,1633871100,2530,ASS,PROBE
SDO4844315,187614285,590,PROV,PROBE
SDO4844315,42802100,6718,PROV,PROBE
SDO4844315,9849659707,1864,MU,PROBE
SDO4844315,6819252875,789,MU,PROBE
SDO4844315,5099112100,5580,MU,PROBE
SDO4844315,2117521100,3299,MU,PROBE
SDO4844315,8649978000,4799,MU,PROBE
SDO4844315,6898960100,4622,PROV,PROBE
SDO4844315,8748838000,4651,MU,PROBE
SDO4844315,6566271100,13054,MU,PROBE
SDO4844315,6903698000,4122,MU,PROBE
SDO4844315,226668000,2563,MU,PROBE
SDO4844315,200312100,4225,MU,PROBE
SDO4844315,8688498000,4345,MU,PROBE
SDO4844315,7732702993,1036,PROV,PROBE
SDO4844315,475749000,10030,PROV,PROBE
SDO4844315,3256740100,2092,MU,PROBE
SDO4844315,3551081100,1672,MU,PROBE
SDO4844315,8678968000,2890,PROV,PROBE
SDO4844315,305350100,4091,MU,PROBE
SDO4844315,9225668000,2770,MU,PROBE
SDO4844315,1926141100,2684,MU,PROBE
SDO4844315,2224441024,1298,MU,PROBE
SDO4844315,601861100,3538,MU,PROBE
SDO4844315,1362078000,1534,MU,PROBE
SDO4844315,4801248000,1877,MU,PROBE
SDO4844315,3626512305,966,MU,PROBE
SDO4844315,616884861,879,MU,PROBE
SDO4844315,8492301100,2234,MU,PROBE
SDO4844315,1261940100,4982,MU,PROBE
SDO4844315,5838299000,4389,MU,PROBE
SDO4844315,56869000,6410,MU,PROBE
SDO4844315,9839781100,4309,MU,PROBE
SDO4844315,4748081100,1346,MU,PROBE
SDO4844315,2074512019,1405,PROV,PROBE
SDO4844315,132939000,11784,PROV,PROBE
SDO4844315,8300606041,2286,MU,PROBE
SDO4844315,344111100,1950,MU,PROBE
SDO4844315,6357701100,3290,PROV,PROBE
SDO4844315,5146400100,9999,ASS,PROBE
SDO4844315,9645878000,4478,MU,PROBE
SDO4844315,8669627384,2025,MU,PROBE
SDO4844315,4827330100,5824,MU,PROBE
SDO4844315,9070602100,4135,MU,PROBE
SDO4844315,2155948000,4123,PROV,PROBE
SDO4844315,7820271100,2652,ASS,PROBE
SDO4844315,1676609000,3356,MU,PROBE
SDO4844315,1606559000,3456,MU,PROBE
SDO4844315,683839579,853,PROV,PROBE
SDO4844315,5310089000,4339,MU,PROBE
SDO4844315,2615390100,3140,MU,PROBE
SDO4844315,7344821100,8387,PROV,PROBE
SDO4844315,2516519000,2096,MU,PROBE
SDO4844315,3749498000,4135,MU,PROBE
SDO4844315,6861787894,5064,MU,PROBE
SDO4844315,3401549000,2955,MU,PROBE
SDO4844315,6129902100,4068,MU,PROBE
SDO4844315,4941119000,3448,MU,PROBE
SDO4844315,2545612825,2050,MU,PROBE
SDO4844315,2814542443,2289,MU,PROBE
SDO4844315,7778991100,3832,MU,PROBE
SDO4844315,3528986526,1250,ASS,PROBE
SDO4844315,4943368000,3655,MU,PROBE
SDO4844315,3783688000,3946,MU,PROBE
SDO4844315,4194948000,2086,MU,PROBE
SDO4844315,9086469000,4491,MU,PROBE
SDO4844315,6044884565,422,PROV,PROBE
SDO4844315,7191100,4095,MU,PROBE
SDO4844315,3919189000,4685,MU,PROBE
SDO4844315,6104859176,1219,MU,PROBE
SDO4844315,9451049883,2243,PROV,PROBE
SDO4844315,3254559000,6014,MU,PROBE
SDO4844315,8084539000,5106,MU,PROBE
SDO4844315,3230455236,1905,MU,PROBE
SDO4844315,775660100,6886,MU,PROBE
SDO4844315,4986951100,2660,ASS,PROBE
SDO4844315,134271506,2515,PROV,PROBE
SDO4844315,6336620100,4515,MU,PROBE
SDO4844315,4100221100,3067,MU,PROBE
SDO4844315,8954242487,2636,MU,PROBE
SDO4844315,2877951100,9546,PROV,PROBE
SDO4844315,6887581100,2973,ASS,PROBE
SDO4844315,5054898000,8945,ASS,PROBE
SDO4844315,6781716187,939,PROV,PROBE
SDO4844315,4303898000,691,MU,PROBE
SDO4844315,1122430249,2027,MU,PROBE
SDO4844315,8488968000,3410,PROV,PROBE
SDO4844315,3820806621,1650,MU,PROBE
SDO4844315,2998741100,2236,ASS,PROBE
SDO4844315,6928225973,2991,PROV,PROBE
SDO4844315,1027350100,18897,PROV,PROBE
SDO4844315,8500870100,1138,PROV,PROBE
SDO4844315,239971579,1380,MU,PROBE
SDO4844315,6195554528,1432,PROV,PROBE
SDO4844315,4512402100,2191,ASS,PROBE
SDO4844315,2221171442,3218,MU,PROBE
SDO4844315,8346569000,6495,PROV,PROBE
SDO4844315,1458303995,1011,MU,PROBE
SDO4844315,5413309947,2095,MU,PROBE
SDO4844315,9937864992,2289,MU,PROBE
SDO4844315,8161291100,3099,MU,PROBE
SDO4844315,8999779000,1036,MU,PROBE
SDO4844315,6605660100,3650,MU,PROBE
SDO4844315,1158516512,719,MU,PROBE
SDO4844315,200106903,2004,MU,PROBE
SDO4844315,1092880100,1926,MU,PROBE
SDO4844315,7352867684,1465,MU,PROBE
SDO4844315,1679089000,1075,PROV,PROBE
SDO4844315,2408881100,3603,ASS,PROBE
SDO4844315,4488551100,2094,ASS,PROBE
SDO4844315,1700281100,2584,MU,PROBE
SDO4844315,2805531100,2863,ASS,PROBE
SDO4844315,710567579,1770,MU,PROBE
SDO4844315,5042459633,2299,MU,PROBE
SDO4844315,5141481100,3356,MU,PROBE
SDO4844315,2857168000,4419,MU,PROBE
SDO4844315,2529019000,3716,MU,PROBE
SDO4844315,3777581100,3980,MU,PROBE
SDO4844315,5018919000,5626,MU,PROBE
SDO4844315,5265729000,3580,PROV,PROBE
SDO4844315,331689000,3180,MU,PROBE
SDO4844315,8429781100,3205,MU,PROBE
SDO4844315,2969402100,1391,MU,PROBE
SDO4844315,9179151100,2852,MU,PROBE
SDO4844315,9967761100,974,MU,PROBE
SDO4844315,8561569590,2896,MU,PROBE
SDO4844315,2542939000,3813,MU,PROBE
SDO4844315,6890431100,5189,MU,PROBE
SDO4844315,7500461100,3519,MU,PROBE
SDO4844315,8712190100,5598,PROV,PROBE
SDO4844315,7901481100,5033,MU,PROBE
SDO4844315,3549931100,2476,MU,PROBE
SDO4844315,401039220,2770,MU,PROBE
SDO4844315,231057101,1221,MU,PROBE
SDO4844315,2212309000,2207,MU,PROBE
SDO4844315,690333850,1400,MU,PROBE
SDO4844315,9488131100,3089,MU,PROBE
SDO4844315,6688638000,6674,MU,PROBE
SDO4844315,7473675587,1250,MU,PROBE
SDO4844315,8861302477,1652.25,PROV,PROBE
SDO4844315,3225012100,2669,ASS,PROBE
SDO4844315,4494140100,8755,MU,PROBE
SDO4844315,331919000,5613,PROV,PROBE
SDO4844315,4632451100,860,ASS,PROBE
SDO4844315,5252069000,4399,MU,PROBE
SDO4844315,3182412100,2140,ASS,PROBE
SDO4844315,3740841100,7209,CEIL,PROBE
SDO4844315,5051989000,4882,MU,PROBE
SDO4844315,576729370,1999,MU,PROBE
SDO4844315,7790268000,5974,MU,PROBE
SDO4844315,9886470100,3015,MU,PROBE
SDO4844315,8280138000,2884,MU,PROBE
SDO4844315,2767168000,3278,MU,PROBE
SDO4844315,4504710100,3379,MU,PROBE
SDO4844315,2996990100,1420,PROV,PROBE
SDO4844315,6229381100,2566,MU,PROBE
SDO4844315,8112282675,598,MU,PROBE
SDO4844315,7707350100,2839,MU,PROBE
SDO4844315,5039038000,3765,CEIL,PROBE
SDO4844315,4882612100,2656,ASS,PROBE
SDO4844315,927551100,4892,MU,PROBE
SDO4844315,9413340100,2551,MU,PROBE
SDO4844315,2986738000,2157,MU,PROBE
SDO4844315,6104940100,2778,MU,PROBE
SDO4844315,5995171100,3105,MU,PROBE
SDO4844315,7766351100,4464,PROV,PROBE
SDO4844315,5540103268,764,ASS,PROBE
SDO4844315,3087702100,3519,MU,PROBE
SDO4844315,9707941100,3205,PROV,PROBE
SDO4844315,1397568000,3035,PROV,PROBE
SDO4844315,2968620100,7162,PROV,PROBE
SDO4844315,2911049000,4422,MU,PROBE
SDO4844315,866687092,2399,MU,PROBE
SDO4844315,2530348000,3027,PROV,PROBE
SDO4844315,2205919000,1799,MU,PROBE
SDO4844315,78341100,2996,MU,PROBE
SDO4844315,6200661100,3213,MU,PROBE
SDO4844315,3664711100,3331,MU,PROBE
SDO4844315,2488606235,5750,PROV,PROBE
SDO4844315,8435311100,3016,PROV,PROBE
SDO4844315,2452571856,1320,PROV,PROBE
SDO4844315,5057928000,12685,PROV,PROBE
SDO4844315,8460240100,2062,MU,PROBE
SDO4844315,5534054838,1665,PROV,PROBE
SDO4844315,2597473365,1565,MU,PROBE
SDO4844315,4922049000,4125,MU,PROBE
SDO4844315,8620528463,566,MU,PROBE
SDO4844315,1559212100,2305,ASS,PROBE
SDO4844315,5431001296,617,ASS,PROBE
SDO4844315,7598299000,2920,MU,PROBE
SDO4844315,7062069000,1460,ASS,PROBE
SDO4844315,5786949000,6215,PROV,PROBE
SDO4844315,6958039000,546,MU,PROBE
SDO4844315,7455183506,2343,MU,PROBE
SDO4844315,923959000,5172,MU,PROBE
SDO4844315,1603729000,3315,PROV,PROBE
SDO4844315,5215301100,3650,MU,PROBE
SDO4844315,4760000100,4750,PROV,PROBE
SDO4844315,1967539000,2797,MU,PROBE
SDO4844315,9836111100,3781,MU,PROBE
SDO4844315,9435350100,4550,PROV,PROBE
SDO4844315,7009931100,4070,MU,PROBE
SDO4844315,5133710525,1897,PROV,PROBE
SDO4844315,5654421100,3185,PROV,PROBE
SDO4844315,8082412100,4332,PROV,PROBE
SDO4844315,4776065450,1139,MU,PROBE
SDO4844315,2288628539,1430,PROV,PROBE
SDO4844315,5563540100,4847,PROV,PROBE
SDO4844315,5523150100,4015,MU,PROBE
SDO4844315,5895869000,3842,ASS,PROBE
SDO4844315,9863321100,3124,PROV,PROBE
SDO4844315,6968102100,2985,PROV,PROBE
SDO4844315,7828233462,2434,MU,PROBE
SDO4844315,2510891100,2999,MU,PROBE
SDO4844315,5226209000,8028,CEIL,PROBE
SDO4844315,6370309000,6658,MU,PROBE
SDO4844315,2155111100,1628,PROV,PROBE
SDO4844315,9660202100,3846,PROV,PROBE
SDO4844315,3164190100,3452,MU,PROBE
SDO4844315,9628869000,350,PROV,PROBE
SDO4844315,4914368000,3562,MU,PROBE
SDO4844315,5759769000,3435,PROV,PROBE
SDO4844315,7553489000,3542,PROV,PROBE
SDO4844315,5886751100,2519,MU,PROBE
SDO4844315,5725452837,1433,MU,PROBE
SDO4844315,7106121100,5199,MU,PROBE
SDO4844315,6801836987,732,MU,PROBE
SDO4844315,2682549000,6996,MU,PROBE
SDO4844315,3663611100,5209,MU,PROBE
SDO4844315,4523730100,3396,PROV,PROBE
SDO4844315,5592368000,3406,MU,PROBE
SDO4844315,447273293,24,ASS,PROBE
SDO4844315,7641530100,3040,PROV,PROBE
SDO4844315,6557210100,3210,PROV,PROBE
SDO4844315,1400271100,3569,MU,PROBE
SDO4844315,7666168000,3740,MU,PROBE
SDO4844315,9970651100,1451,ASS,PROBE
SDO4844315,8986289454,1196,MU,PROBE
SDO4844315,8905919000,3195,MU,PROBE
SDO4844315,5330585276,2476,MU,PROBE
SDO4844315,5386610100,3488,MU,PROBE
SDO4844315,7898370100,2486,MU,PROBE
SDO4844315,5197210100,2122,PROV,PROBE
SDO4844315,6370861100,3781,MU,PROBE
SDO4844315,4720402100,3799,MU,PROBE
SDO4844315,380458000,4299,MU,PROBE
SDO4844315,9628881100,3100,PROV,PROBE
SDO4844315,5170878000,4268,MU,PROBE
SDO4844315,6994019000,4400,MU,PROBE
SDO4844315,8995009000,1900,MU,PROBE
SDO4844315,5363490286,1545,PROV,PROBE
SDO4844315,2483069000,4199,MU,PROBE
SDO4844315,1364491100,6740,MU,PROBE
SDO4844315,1640861100,3519,MU,PROBE
SDO4844315,5588741100,3398,ASS,PROBE
SDO4844315,6944381098,1998,MU,PROBE
SDO4844315,9064190100,5020,MU,PROBE
SDO4844315,4306317794,2390,PROV,PROBE
SDO4844315,425869000,3386,MU,PROBE
SDO4844315,6926472103,1477,PROV,PROBE
SDO4844315,1429043483,1216,MU,PROBE
SDO4844315,1187990100,3627,PROV,PROBE
SDO4844315,870259000,4168,PROV,PROBE
SDO4844315,8636851100,3575,PROV,PROBE
SDO4844315,7920089000,2440,MU,PROBE
SDO4844315,3430870100,3952,MU,PROBE
SDO4844315,100671100,3088,MU,PROBE
SDO4844315,2813802100,2162,MU,PROBE
SDO4844315,9215029000,5620,PROV,PROBE
SDO4844315,7012850100,2695,PROV,PROBE
SDO4844315,4472750100,3636,MU,PROBE
SDO4844315,4780481100,10358,ASS,PROBE
SDO4844315,6372990100,2832,PROV,PROBE
SDO4844315,2997919000,3225,PROV,PROBE
SDO4844315,1907638000,4189,MU,PROBE
SDO4844315,7738498000,2642,MU,PROBE
SDO4844315,886990100,3022,MU,PROBE
SDO4844315,1272212100,4910,MU,PROBE
SDO4844315,2962992918,1800,MU,PROBE
SDO4844315,8816260100,3952,MU,PROBE
SDO4844315,5660363070,1045,MU,PROBE
SDO4844315,9487761100,3365,MU,PROBE
SDO4844315,4267140648,6189,CEIL,PROBE
SDO4844315,5133730100,3398,PROV,PROBE
SDO4844315,3099339272,812,MU,PROBE
SDO4844315,6582259000,3506,PROV,PROBE
SDO4844315,6901100,3043,PROV,PROBE
SDO4844315,1668125550,1020,PROV,PROBE
SDO4844315,1837161100,1398,ASS,PROBE
SDO4844315,307990100,2865,MU,PROBE
SDO4844315,952002100,3618,MU,PROBE
SDO4844315,6778160100,10295,PROV,PROBE
SDO4844315,9758931100,2384,PROV,PROBE
SDO4844315,5413291100,9900,PROV,PROBE
SDO4844315,1761896347,890,PROV,PROBE
SDO4844315,986531100,7446,CEIL,PROBE
SDO4844315,706571100,6298,MU,PROBE
SDO4844315,8550612100,4237,MU,PROBE
SDO4844315,6895870100,3299,MU,PROBE
SDO4844315,5416062781,1823,MU,PROBE
SDO4844315,1781338000,2245,MU,PROBE
SDO4844315,7151804456,1560,MU,PROBE
SDO4844315,2952069000,4099,MU,PROBE
SDO4844315,5963849000,4499,PROV,PROBE
SDO4844315,3752098000,1107,PROV,PROBE
SDO4844315,3464172591,8604,PROV,PROBE
SDO4844315,2674101100,3366,ASS,PROBE
SDO4844315,5894499000,3245,MU,PROBE
SDO4844315,9197954784,1036,MU,PROBE
SDO4844315,1764699000,2555,MU,PROBE
SDO4844315,5420081282,836,MU,PROBE
SDO4844315,178040100,2320,PROV,PROBE
SDO4844315,9219390100,5185,CEIL,PROBE
SDO4844315,48428000,3352,PROV,PROBE
SDO4844315,3535069000,5136,PROV,PROBE
SDO4844315,755679000,2905,MU,PROBE
SDO4844315,2451168000,1972,MU,PROBE
SDO4844315,6446867757,799,MU,PROBE
SDO4844315,4889112100,1049,MU,PROBE
SDO4844315,8303400100,2238,PROV,PROBE
SDO4844315,6355633048,1614,PROV,PROBE
SDO4844315,6991027028,1673,MU,PROBE
SDO4844315,9202641100,3400,ASS,PROBE
SDO4844315,4528738000,588,PROV,PROBE
SDO4844315,15651487,1310,MU,PROBE
SDO4844315,3795861100,4814,MU,PROBE
SDO4844315,6389810100,4213,MU,PROBE
SDO4844315,3778358180,710,MU,PROBE
SDO4844315,9220870100,4425,PROV,PROBE
SDO4844315,513871100,930,MU,PROBE
SDO4844315,6322261100,754,ASS,PROBE
SDO4844315,2457935591,785,MU,PROBE
SDO4844315,9616671100,2227,MU,PROBE
SDO4844315,268781100,5435,CEIL,PROBE
SDO4844315,1474450100,4690,MU,PROBE
SDO4844315,6846671100,3745,MU,PROBE
SDO4844315,1859959000,1150,PROV,PROBE
SDO4844315,5011050100,4613,ASS,PROBE
SDO4844315,3541726405,1723,PROV,PROBE
SDO4844315,4797112100,3180,MU,PROBE
SDO4844315,6952590100,2325,PROV,PROBE
SDO4844315,8155911100,470,ASS,PROBE
SDO4844315,587951100,3549,MU,PROBE
SDO4844315,1352100100,5085,MU,PROBE
SDO4844315,4502100100,3423,MU,PROBE
SDO4844315,3107701100,2920,ASS,PROBE
SDO4844315,1145031100,5605,ASS,PROBE
SDO4844315,1685659000,5378,PROV,PROBE
SDO4844315,9205031100,1696,MU,PROBE
SDO4844315,8731081100,3655,ASS,PROBE
SDO4844315,7455521100,3251,ASS,PROBE
SDO4844315,127228000,9826,MU,PROBE
SDO4844315,6468171100,2830,MU,PROBE
SDO4844315,2526660100,3806,MU,PROBE
SDO4844315,8184901100,5709,PROV,PROBE
SDO4844315,6130970100,5857,PROV,PROBE
SDO4844315,1982061550,1520,MU,PROBE
SDO4844315,7588448000,2459,PROV,PROBE
SDO4844315,129902100,2370,MU,PROBE
SDO4844315,3159191100,7375,MU,PROBE
SDO4844315,362269739,504,PROV,PROBE
SDO4844315,6746679000,2755,MU,PROBE
SDO4844315,187168000,2933,MU,PROBE
SDO4844315,4482881100,4651,ASS,PROBE
SDO4844315,4759191100,3880,MU,PROBE
SDO4844315,5343610100,2660,MU,PROBE
SDO4844315,7414889000,3055,MU,PROBE
SDO4844315,5268781100,13370,PROV,PROBE
SDO4844315,8262701100,2980,MU,PROBE
SDO4844315,8522939000,6834,MU,PROBE
SDO4844315,2686649997,1735,MU,PROBE
SDO4844315,5081729000,4196,MU,PROBE
SDO4844315,2994611100,1826,ASS,PROBE
SDO4844315,8573368511,1397,MU,PROBE
SDO4844315,5620472444,1036,MU,PROBE
SDO4844315,7521259000,2633,ASS,PROBE
SDO4844315,1491640100,3423,MU,PROBE
SDO4844315,764878000,5631,PROV,PROBE
SDO4844315,3624520100,3420,PROV,PROBE
SDO4844315,4013737973,5506,MU,PROBE
SDO4844315,7971400880,2516,PROV,PROBE
SDO4844315,2284321100,2444,MU,PROBE
SDO4844315,4684550100,4195,MU,PROBE
SDO4844315,3903677796,3379,CEIL,PROBE
SDO4844315,6358377249,1470,PROV,PROBE
SDO4844315,7386260100,6945,PROV,PROBE
SDO4844315,530061100,1490,MU,PROBE
SDO4844315,227659518,1222,MU,PROBE
SDO4844315,8939181100,4532,MU,PROBE
SDO4844315,6175659000,5194,MU,PROBE
SDO4844315,6108771100,2789,MU,PROBE
SDO4844315,54421100,3150,MU,PROBE
SDO4844315,3591601398,1510,PROV,PROBE
SDO4844315,2338131100,3192,MU,PROBE
SDO4844315,9884919000,4146,MU,PROBE
SDO4844315,3032212100,3920,MU,PROBE
SDO4844315,876621100,10551,CEIL,PROBE
SDO4844315,1761402100,2980,ASS,PROBE
SDO4844315,5661168000,2222,PROV,PROBE
SDO4844315,2805591166,1445,MU,PROBE
SDO4844315,1584721100,3239,MU,PROBE
SDO4844315,2278741100,3615,MU,PROBE
SDO4844315,5634450100,2630,MU,PROBE
SDO4844315,8757253060,1899,PROV,PROBE
SDO4844315,5323609000,5172,MU,PROBE
SDO4844315,2795511100,3673,MU,PROBE
SDO4844315,1885241100,3515,PROV,PROBE
SDO4844315,3618881100,700,MU,PROBE
SDO4844315,9725069000,1021,PROV,PROBE
SDO4844315,5234850100,2298,PROV,PROBE
SDO4844315,8048003017,3212,MU,PROBE
SDO4844315,8850648000,2215,MU,PROBE
SDO4844315,6809610100,6885,PROV,PROBE
SDO4844315,8972419741,1599,MU,PROBE
SDO4844315,8708512100,1977,MU,PROBE
SDO4844315,6127191100,1215,ASS,PROBE
SDO4844315,1933212100,2760,MU,PROBE
SDO4844315,1062974378,1073,PROV,PROBE
SDO4844315,2997081100,3130,0,PROBE
SDO4844315,1218721100,3292,MU,PROBE
SDO4844315,4253069000,2791,MU,PROBE
SDO4844315,8977528000,4165,MU,PROBE
SDO4844315,8773316229,785,ASS,PROBE
SDO4844315,5661002100,3095,MU,PROBE
SDO4844315,2704889000,2673,ASS,PROBE
SDO4844315,533400100,10376,CEIL,PROBE
SDO4844315,8454279000,1282,MU,PROBE
SDO4844315,4447560100,39580,PROV,PROBE
SDO4844315,365950100,3890,MU,PROBE
SDO4844315,3078161100,3960,MU,PROBE
SDO4844315,2274101100,3540,ASS,PROBE
SDO4844315,5765470100,14704,PROV,PROBE
SDO4844315,2085951100,3108,PROV,PROBE
SDO4844315,5426634993,1675,PROV,PROBE
SDO4844315,47489000,2272,MU,PROBE
SDO4844315,1245093367,1140,MU,PROBE
SDO4844315,7896075052,4942,MU,PROBE
SDO4844315,782858000,2850,MU,PROBE
SDO4844315,7278151100,2839,MU,PROBE
SDO4844315,46679000,2642,MU,PROBE
SDO4844315,3568931100,3239,ASS,PROBE
SDO4844315,7762851100,4720,PROV,PROBE
SDO4844315,6388931100,3445,MU,PROBE
SDO4844315,8860491100,1491,MU,PROBE
SDO4844315,976588000,460,MU,PROBE
SDO4844315,5576470100,4268,PROV,PROBE
SDO4844315,2430879000,3819,MU,PROBE
SDO4844315,2001031100,3423,MU,PROBE
SDO4844315,8024558195,2117,MU,PROBE
SDO4844315,116370100,13318,PROV,PROBE
SDO4844315,181889000,3245,MU,PROBE
SDO4844315,9176120100,1519,ASS,PROBE
SDO4844315,404290100,2260,PROV,PROBE
SDO4844315,8806609000,2580,MU,PROBE
SDO4844315,1430449000,3885,MU,PROBE
SDO4844315,4123709000,242994,PROV,PROBE
SDO4844315,6811639000,1784,MU,PROBE
SDO4844315,7729971100,5854,MU,PROBE
SDO4844315,220891100,2120,PROV,PROBE
SDO4844315,4444990100,1496,PROV,PROBE
SDO4844315,8425311100,4290,MU,PROBE
SDO4844315,4007169000,4020,MU,PROBE
SDO4844315,8576461100,3205,PROV,PROBE
SDO4844315,9516729000,14205,PROV,PROBE
SDO4844315,9276764732,1245,PROV,PROBE
SDO4844315,1573069000,3160,PROV,PROBE
SDO4844315,9795760100,3090,MU,PROBE
SDO4844315,8466508534,1140,MU,PROBE
SDO4844315,673097218,1390,MU,PROBE
SDO4844315,5343119000,2252,MU,PROBE
SDO4844315,7647461100,5475,MU,PROBE
SDO4844315,7606039913,1680,PROV,PROBE
SDO4844315,8688179000,5064,MU,PROBE
SDO4844315,5138280100,3189,PROV,PROBE
SDO4844315,9919829000,2791,MU,PROBE
SDO4844315,5169249000,3852,MU,PROBE
SDO4844315,9023499000,2516,PROV,PROBE
SDO4844315,796360100,2475,MU,PROBE
SDO4844315,3480469767,1230,MU,PROBE
SDO4844315,7967911100,3666,MU,PROBE
SDO4844315,3607160100,3352,PROV,PROBE
SDO4844315,5368489000,6647,MU,PROBE
SDO4844315,6349280100,5695,PROV,PROBE
SDO4844315,1450670100,6320,PROV,PROBE
SDO4844315,5423681100,2308,PROV,PROBE
SDO4844315,8796701100,4209,PROV,PROBE
SDO4844315,203699000,995,PROV,PROBE
SDO4844315,6656157717,1514,PROV,PROBE
SDO4844315,7133409000,3159,MU,PROBE
SDO4844315,8113749701,1735,PROV,PROBE
SDO4844315,5438931100,2490,MU,PROBE
SDO4844315,3167976799,656,MU,PROBE
SDO4844315,8458291100,3698,MU,PROBE
SDO4844315,557141100,3808,MU,PROBE
SDO4844315,3095051100,2345,ASS,PROBE
SDO4844315,3471499000,5040,MU,PROBE
SDO4844315,6404690100,7075,PROV,PROBE
SDO4844315,6777621351,1871,MU,PROBE
SDO4844315,5318778000,3781,MU,PROBE
SDO4844315,9818810100,8319,MU,PROBE
SDO4844315,2137819000,4076,PROV,PROBE
SDO4844315,9863281100,3245,MU,PROBE
SDO4844315,9249938368,819,PROV,PROBE
SDO4844315,4642442810,2263,MU,PROBE
SDO4844315,7315149000,1050,MU,PROBE
SDO4844315,5961021210,1005,MU,PROBE
SDO4844315,9374878000,645,PROV,PROBE
SDO4844315,1507861100,3683,MU,PROBE
SDO4844315,547330100,4400,MU,PROBE
SDO4844315,4875699000,3740,ASS,PROBE
SDO4844315,9747990100,4095,MU,PROBE
SDO4844315,5168620100,3763,MU,PROBE
SDO4844315,1236919306,3191,MU,PROBE
SDO4844315,4419891090,2119,MU,PROBE
SDO4844315,2907191100,3185,MU,PROBE
SDO4844315,4915621100,937,MU,PROBE
SDO4844315,231049000,3048,MU,PROBE
SDO4844315,4863069000,592,MU,PROBE
SDO4844315,1826469000,6260,MU,PROBE
SDO4844315,8965750100,2985,PROV,PROBE
SDO4844315,8102458000,6352,MU,PROBE
SDO4844315,977321100,1526,ASS,PROBE
SDO4844315,5222520100,5813,PROV,PROBE
SDO4844315,8614850100,5364,MU,PROBE
SDO4844315,9199139000,10225,PROV,PROBE
SDO4844315,7018171100,2904,MU,PROBE
SDO4844315,1461089000,10635,PROV,PROBE
SDO4844315,5833699000,4300,MU,PROBE
SDO4844315,752212100,3035,PROV,PROBE
SDO4844315,8975721100,17285,MU,PROBE
SDO4844315,736010100,3098,MU,PROBE
SDO4844315,365668000,5859,PROV,PROBE
SDO4844315,2263091100,10883,MU,PROBE
SDO4844315,4238738000,3426,PROV,PROBE
SDO4844315,9266361100,5815,PROV,PROBE
SDO4844315,9358968000,2234,PROV,PROBE
SDO4844315,7003409000,10991,MU,PROBE
SDO4844315,4561309000,1215,PROV,PROBE
SDO4844315,6808228000,5679,MU,PROBE
SDO4844315,9601329000,1657,MU,PROBE
SDO4844315,4093368000,3299,MU,PROBE
SDO4844315,4797470100,4151,MU,PROBE
SDO4844315,3874400100,3028,PROV,PROBE
SDO4844315,8771800100,5645,PROV,PROBE
SDO4844315,3213880100,6573,MU,PROBE
SDO4844315,8875135016,6870,PROV,PROBE
SDO4844315,25419000,10210,MU,PROBE
SDO4844315,1239371100,367,PROV,PROBE
SDO4844315,1701679000,2699,PROV,PROBE
SDO4844315,3590259000,2830,PROV,PROBE
SDO4844315,4603291100,2800,MU,PROBE
SDO4844315,1622881100,2275,PROV,PROBE
SDO4844315,1263098000,22045,PROV,PROBE
SDO4844315,8255441100,4113,MU,PROBE
SDO4844315,2783950100,5092,MU,PROBE
SDO4844315,4213924398,618,PROV,PROBE
SDO4844315,1301898000,1837,PROV,PROBE
SDO4844315,1221920100,7625,PROV,PROBE
SDO4844315,2562698000,3720,PROV,PROBE
SDO4844315,2699970100,3177,MU,PROBE
SDO4844315,6957029000,3080,PROV,PROBE
SDO4844315,6989230100,2917,MU,PROBE
SDO4844315,7251878000,1632,ASS,PROBE
SDO4844315,9684919000,2118,ASS,PROBE
SDO4844315,7808671452,993,PROV,PROBE
SDO4844315,810739000,3868,MU,PROBE
SDO4844315,3038829000,3500,MU,PROBE
SDO4844315,9738678974,1436,MU,PROBE
SDO4844315,5994611100,3590,MU,PROBE
SDO4844315,6199778000,4189,MU,PROBE
SDO4844315,3558019000,3487,MU,PROBE
SDO4844315,9197559000,8755,MU,PROBE
SDO4844315,8694551100,3502,ASS,PROBE
SDO4844315,2697978000,6999,MU,PROBE
SDO4844315,74821100,1465,MU,PROBE
SDO4844315,2311729000,5690,MU,PROBE
SDO4844315,6914559000,8858,MU,PROBE
SDO4844315,8953440902,2055,MU,PROBE
SDO4844315,6205540100,3095,MU,PROBE
SDO4844315,3842748000,13150,PROV,PROBE
SDO4844315,650198000,3515,MU,PROBE
SDO4844315,2137260100,12697,PROV,PROBE
SDO4844315,8016729000,11685,MU,PROBE
SDO4844315,7051458000,3452,PROV,PROBE
SDO4844315,2597590100,3126,PROV,PROBE
SDO4844315,612648000,10102,MU,PROBE
SDO4844315,3578747947,3363,MU,PROBE
SDO4844315,6042280100,2413,ASS,PROBE
SDO4844315,4196350100,3074,MU,PROBE
SDO4844315,4021920100,1862,MU,PROBE
SDO4844315,5305078000,2790,PROV,PROBE
SDO4844315,5206520100,3900,MU,PROBE
SDO4844315,7393710100,3730,MU,PROBE
SDO4844315,5261268000,4461,ASS,PROBE
SDO4844315,7318330100,7948,MU,PROBE
SDO4844315,3562089000,148.87,MU,PROBE
SDO4844315,7046331100,2989,MU,PROBE
SDO4844315,5079820100,3387,MU,PROBE
SDO4844315,22168000,3274,MU,PROBE
SDO4844315,6631688000,7864,MU,PROBE
SDO4844315,3652299000,11565,MU,PROBE
SDO4844315,9348287389,1047,PROV,PROBE
SDO4844315,4745540100,3430,MU,PROBE
SDO4844315,7398299000,7166,PROV,PROBE
SDO4844315,3267019000,465,MU,PROBE
SDO4844315,1825268000,4239,MU,PROBE
SDO4844315,4049038000,3362,MU,PROBE
SDO4844315,6676751100,8311,ASS,PROBE
SDO4844315,8696081100,2156,ASS,PROBE
SDO4844315,3220061100,4039,MU,PROBE
SDO4844315,2415219000,3518,PROV,PROBE
SDO4844315,836740100,6076,MU,PROBE
SDO4844315,9353458000,1444,MU,PROBE
SDO4844315,7406101100,3979,MU,PROBE
SDO4844315,7728398000,3180,PROV,PROBE
SDO4844315,1879588000,5700,MU,PROBE
SDO4844315,7929459401,836,MU,PROBE
SDO4844315,7892730100,3360,MU,PROBE
SDO4844315,2705310100,4629,MU,PROBE
SDO4844315,7315950100,20034,PROV,PROBE
SDO4844315,741259000,12538,MU,PROBE
SDO4844315,8972899000,42200,PROV,PROBE
SDO4844315,3618210100,13939,ASS,PROBE
SDO4844315,8369591100,5489,MU,PROBE
SDO4844315,561119000,12363,MU,PROBE
SDO4844315,3301940100,1230,MU,PROBE
SDO4844315,669188000,3910,MU,PROBE
SDO4844315,1657989793,2044,MU,PROBE
SDO4844315,9243610100,5674,MU,PROBE
SDO4844315,7281280100,8755,CEIL,PROBE
SDO4844315,5646620100,5047,MU,PROBE
SDO4844315,6320330100,4092,MU,PROBE
SDO4844315,6383731669,5220,MU,PROBE
SDO4844315,9767178000,100215,ASS,PROBE
SDO4844315,3616711100,2342,ASS,PROBE
SDO4844315,4559102100,3813,MU,PROBE
SDO4844315,8698288000,2910,PROV,PROBE
SDO4844315,3181889000,2271,MU,PROBE
SDO4844315,6674948000,2750,PROV,PROBE
SDO4844315,5722309000,16875,PROV,PROBE
SDO4844315,2677521100,4205,MU,PROBE
SDO4844315,1567559000,1699,ASS,PROBE
SDO4844315,3545178000,4239,MU,PROBE
SDO4844315,8947711100,8550,MU,PROBE
SDO4844315,6077568000,1730,ASS,PROBE
SDO4844315,879140100,1520,MU,PROBE
SDO4844315,5655749000,3115,MU,PROBE
SDO4844315,9618548000,2946,PROV,PROBE
SDO4844315,366260100,3737,MU,PROBE
SDO4844315,6567950100,6507,MU,PROBE
SDO4844315,8113527604,2926,ASS,PROBE
SDO4844315,8630271100,3710,ASS,PROBE
SDO4844315,5839030100,1360,ASS,PROBE
SDO4844315,694699000,2378,PROV,PROBE
SDO4844315,8022899000,6124,PROV,PROBE
SDO4844315,9442340100,5060,MU,PROBE
SDO4844315,1328610100,9085,PROV,PROBE
SDO4844315,236470100,5580,MU,PROBE
SDO4844315,7179780131,3940,MU,PROBE
SDO4844315,3880878000,845,MU,PROBE
SDO4844315,2404549000,2279,PROV,PROBE
SDO4844315,116341100,3266,PROV,PROBE
SDO4844315,6847591100,4652,ASS,PROBE
SDO4844315,1870100100,3874,MU,PROBE
SDO4844315,9681299000,6640,PROV,PROBE
SDO4844315,3158321100,5270,MU,PROBE
SDO4844315,4234548000,27172,MU,PROBE
SDO4844315,241720100,4990,MU,PROBE
SDO4844315,5109280100,9139,MU,PROBE
SDO4844315,5741691100,3225,ASS,PROBE
SDO4844315,5033709000,7590,MU,PROBE
SDO4844315,2041503615,3855,PROV,PROBE
SDO4844315,5679414407,2260,PROV,PROBE
SDO4844315,3167661123,4393,MU,PROBE
SDO4844315,3147220100,2526,PROV,PROBE
SDO4844315,5747788000,72699,ASS,PROBE
SDO4844315,3058979000,1680,PROV,PROBE
SDO4844315,8955241100,4690,PROV,PROBE
SDO4844315,2057478000,11800,PROV,PROBE
SDO4844315,8515548082,3470,MU,PROBE
SDO4844315,6208550100,8953,MU,PROBE
SDO4844315,5556519000,3770,PROV,PROBE
SDO4844315,1449802100,2598,ASS,PROBE
SDO4844315,7365679000,4725,PROV,PROBE
SDO4844315,6770199830,2839,MU,PROBE
SDO4844315,2927103271,3180,PROV,PROBE
SDO4844315,2005301100,3417,MU,PROBE
SDO4844315,4356579000,3375,MU,PROBE
SDO4844315,4296478000,3913,MU,PROBE
SDO4844315,5520338000,622,PROV,PROBE
SDO4844315,5386350100,3259,ASS,PROBE
SDO4844315,7750811100,4829,PROV,PROBE
SDO4844315,7756678342,13304,MU,PROBE
SDO4844315,7677688000,2504,MU,PROBE
SDO4844315,467180100,2135,ASS,PROBE
SDO4844315,2510349000,10907,PROV,PROBE
SDO4844315,1406609000,21328,PROV,PROBE
SDO4844315,9417400100,5926,PROV,PROBE
SDO4844315,8488160100,1555,ASS,PROBE
SDO4844315,7384450100,1378,MU,PROBE
SDO4844315,8761722901,5988,PROV,PROBE
SDO4844315,8154210100,1888,PROV,PROBE
SDO4844315,1940399000,875,MU,PROBE
SDO4844315,5224409000,3439,MU,PROBE
SDO4844315,4458576439,4862,MU,PROBE
SDO4844315,8411900100,2500,ASS,PROBE
SDO4844315,8748691100,3977,MU,PROBE
SDO4844315,3889779000,12307,MU,PROBE
SDO4844315,1280256361,6579,PROV,PROBE
SDO4844315,8867378000,7897,PROV,PROBE
SDO4844315,5256959000,734,MU,PROBE
SDO4844315,3263487386,2988,MU,PROBE
SDO4844315,725982264,2425,PROV,PROBE
SDO4844315,1411920100,9049,PROV,PROBE
SDO4844315,2654810100,13855,PROV,PROBE
SDO4844315,3341139000,2640,PROV,PROBE
SDO4844315,146729000,9875,PROV,PROBE
SDO4844315,1260830100,2435,PROV,PROBE
SDO4844315,2895140100,11088,MU,PROBE
SDO4844315,4305078000,1579,ASS,PROBE
SDO4844315,2147958000,3847,MU,PROBE
SDO4844315,6732212100,20868,CEIL,PROBE
SDO4844315,2310520100,4586,PROV,PROBE
SDO4844315,1604321100,5501,PROV,PROBE
SDO4844315,1942740100,13254,MU,PROBE
SDO4844315,3399874053,1762,MU,PROBE
SDO4844315,1072745981,6600,PROV,PROBE
SDO4844315,2896489000,12450,PROV,PROBE
SDO4844315,8935821100,6490,MU,PROBE
SDO4844315,7538131100,4470,MU,PROBE
SDO4844315,4255564598,8877,MU,PROBE
SDO4844315,2971338000,2925,MU,PROBE
SDO4844315,3702520100,2793,PROV,PROBE
SDO4844315,514558000,9077,PROV,PROBE
SDO4844315,771049000,1577,PROV,PROBE
SDO4844315,7387546927,1850,PROV,PROBE
SDO4844315,9699571100,8322,PROV,PROBE
SDO4844315,8429139000,2112,ASS,PROBE
SDO4844315,6361291100,5988,MU,PROBE
SDO4844315,4680802100,4140,MU,PROBE
SDO4844315,5977389000,5220,PROV,PROBE
SDO4844315,6686469000,3755,MU,PROBE
SDO4844315,4300498000,10764,MU,PROBE
SDO4844315,6318029000,5839,MU,PROBE
SDO4844315,191870100,2173,ASS,PROBE
SDO4844315,6257743323,1713,PROV,PROBE
SDO4844315,4211520100,5658,MU,PROBE
SDO4844315,8341639000,5310,MU,PROBE
SDO4844315,186940100,3925,MU,PROBE
SDO4844315,750128971,2420,ASS,PROBE
SDO4844315,6910458000,1713,PROV,PROBE
SDO4844315,8000528000,2039,MU,PROBE
SDO4844315,7383631100,8009,PROV,PROBE
SDO4844315,561989000,7022,MU,PROBE
SDO4844315,8923609000,1013,MU,PROBE
SDO4844315,7710478000,18008,CEIL,PROBE
SDO4844315,6282898000,21710,PROV,PROBE
SDO4844315,3310919000,7728,MU,PROBE
SDO4844315,5896539000,19840,MU,PROBE
SDO4844315,9142119000,5000,PROV,PROBE
SDO4844315,5668771100,4505,MU,PROBE
SDO4844315,6189570100,5805,CEIL,PROBE
SDO4844315,1569943553,1620,PROV,PROBE
SDO4844315,4245660100,7499,PROV,PROBE
SDO4844315,6341920100,10019,MU,PROBE
SDO4844315,240100100,3201,MU,PROBE
SDO4844315,4434078000,3225,PROV,PROBE
SDO4844315,4632928000,6920,PROV,PROBE
SDO4844315,2552900100,4430,PROV,PROBE
SDO4844315,8954390100,2469,ASS,PROBE
SDO4844315,1753681100,19878,CEIL,PROBE
SDO4844315,8198971100,3070,MU,PROBE
SDO4844315,49279000,4550,MU,PROBE
SDO4844315,9706101100,843,ASS,PROBE
SDO4844315,9851259000,1606,MU,PROBE
SDO4844315,1515500100,2860,MU,PROBE
SDO4844315,3786869000,5490,PROV,PROBE
SDO4844315,3154950100,5697,MU,PROBE
SDO4844315,7473340100,3380,PROV,PROBE
SDO4844315,3794342930,69399,PROV,PROBE
SDO4844315,7555900100,4820,MU,PROBE
SDO4844315,3386260100,9770,PROV,PROBE
SDO4844315,4476370100,3155,PROV,PROBE
SDO4844315,992469000,3462,ASS,PROBE
SDO4844315,3651851100,5780,MU,PROBE
SDO4844315,5386330100,11553,MU,PROBE
SDO4844315,567023422,2409,PROV,PROBE
SDO4844315,4603119000,8560,PROV,PROBE
SDO4844315,9685701100,6590,MU,PROBE
SDO4844315,3071881100,4855,MU,PROBE
SDO4844315,5425121100,11385,PROV,PROBE
SDO4844315,2110115582,5377,PROV,PROBE
SDO4844315,8246931100,1622,ASS,PROBE
SDO4844315,8471738000,2063,PROV,PROBE
SDO4844315,6219760100,4099,MU,PROBE
SDO4844315,592802100,870,PROV,PROBE
SDO4844315,4347940100,23838,MU,PROBE
SDO4844315,1755470100,6165,PROV,PROBE
SDO4844315,5398338000,7496,ASS,PROBE
SDO4844315,4496978000,4704,MU,PROBE
SDO4844315,5557738000,11144,MU,PROBE
SDO4844315,28180100,2928,PROV,PROBE
SDO4844315,5374140100,4208,PROV,PROBE
SDO4844315,3623968000,4825,PROV,PROBE
SDO4844315,5050989000,6066,PROV,PROBE
SDO4844315,566469000,1611,ASS,PROBE
SDO4844315,1298759000,9925,MU,PROBE
SDO4844315,70012100,2899,ASS,PROBE
SDO4844315,7633699000,4149,MU,PROBE
SDO4844315,1262850100,990,PROV,PROBE
SDO4844315,8968810100,15570,MU,PROBE
SDO4844315,1773709000,2490,PROV,PROBE
SDO4844315,9251529226,6695,CEIL,PROBE
SDO4844315,221070100,2038,MU,PROBE
SDO4844315,346940100,4345,MU,PROBE
SDO4844315,4080271100,7368,PROV,PROBE
SDO4844315,6303948000,1445,MU,PROBE
SDO4844315,9252119000,1313,MU,PROBE
SDO4844315,5879140100,2712,PROV,PROBE
SDO4844315,1364112244,2180,PROV,PROBE
SDO4844315,3578911100,2459,ASS,PROBE
SDO4844315,9808299000,4478,MU,PROBE
SDO4844315,9219760100,5000,ASS,PROBE
SDO4844315,8786928000,3380,PROV,PROBE
SDO4844315,6351940100,8020,MU,PROBE
SDO4844315,3212879269,2343,PROV,PROBE
SDO4844315,8221481100,1825,ASS,PROBE
SDO4844315,6193501100,5415,MU,PROBE
SDO4844315,2028667134,1527,PROV,PROBE
SDO4844315,442089000,4058,MU,PROBE
SDO4844315,8039068000,508,ASS,PROBE
SDO4844315,5122439000,7390,MU,PROBE
SDO4844315,9133140100,4279,MU,PROBE
SDO4844315,8220750100,4480,PROV,PROBE
SDO4844315,4068229000,6637,PROV,PROBE
SDO4844315,2773709000,12775,PROV,PROBE
SDO4844315,1756828000,4525,MU,PROBE
SDO4844315,3306398000,8405,ASS,PROBE
SDO4844315,8327791179,5689,MU,PROBE
SDO4844315,4887109000,4755,MU,PROBE
SDO4844315,9700198000,10365,MU,PROBE
SDO4844315,4459700100,5139,MU,PROBE
SDO4844315,7620919000,7791,MU,PROBE
SDO4844315,4659838000,8172,MU,PROBE
SDO4844315,1444579000,5472,MU,PROBE
SDO4844315,8922940100,8939,MU,PROBE
SDO4844315,3280349000,2761,ASS,PROBE
SDO4844315,2325701100,10675,ASS,PROBE
SDO4844315,6610548000,17120,PROV,PROBE
SDO4844315,7399650100,4212,MU,PROBE
SDO4844315,5404611100,4146,PROV,PROBE
SDO4844315,1626959000,15730,PROV,PROBE
SDO4844315,5543199000,9365,PROV,PROBE
SDO4844315,7653168000,5525,PROV,PROBE
SDO4844315,8552159000,4607,MU,PROBE
SDO4844315,8272420100,10462,ASS,PROBE
SDO4844315,4011803152,10628,MU,PROBE
SDO4844315,4530299000,5590,PROV,PROBE
SDO4844315,2400183581,2250,PROV,PROBE
SDO4844315,5770520100,9297,PROV,PROBE
SDO4844315,9897951100,1155,MU,PROBE
SDO4844315,9139002100,4265,PROV,PROBE
SDO4844315,9069588000,3691,MU,PROBE
SDO4844315,1267159000,4579,PROV,PROBE
SDO4844315,8921610100,454,ASS,PROBE
SDO4844315,2791560100,6004,MU,PROBE
SDO4844315,8257020100,5404,MU,PROBE
SDO4844315,8116560100,4267,PROV,PROBE
SDO4844315,8353248771,2639,MU,PROBE
SDO4844315,9667249000,6495,PROV,PROBE
SDO4844315,2239212100,3699,MU,PROBE
SDO4844315,5664517695,2462,PROV,PROBE
SDO4844315,1841487311,4073,PROV,PROBE
SDO4844315,1192940100,6290,PROV,PROBE
SDO4844315,882148000,3000,ASS,PROBE
SDO4844315,1346400100,12201,MU,PROBE
SDO4844315,5641291100,4430,PROV,PROBE
SDO4844315,5625999000,7047,MU,PROBE
SDO4844315,9725819000,6340,MU,PROBE
SDO4844315,6887638000,7299,PROV,PROBE
SDO4844315,2266729000,12537,PROV,PROBE
SDO4844315,4535950100,2795,MU,PROBE
SDO4844315,7884898000,11270,MU,PROBE
SDO4844315,690938000,19468,MU,PROBE
SDO4844315,8214821100,12896,MU,PROBE
SDO4844315,9592889000,3801,MU,PROBE
SDO4844315,5299678000,4270,ASS,PROBE
SDO4844315,1420750100,8926,MU,PROBE
SDO4844315,2337701100,13112,MU,PROBE
SDO4844315,2430089000,3550,MU,PROBE
SDO4844315,6837560100,2248,PROV,PROBE
SDO4844315,3284819000,2234,MU,PROBE
SDO4844315,1205450100,5162,MU,PROBE
SDO4844315,684548000,7675,MU,PROBE
SDO4844315,8193640100,7185,PROV,PROBE
SDO4844315,4299909000,13810,ASS,PROBE
SDO4844315,2588070100,7912,MU,PROBE
SDO4844315,5441370100,4175,ASS,PROBE
SDO4844315,3297650100,1520,ASS,PROBE
SDO4844315,1573119000,4135,PROV,PROBE
SDO4844315,8640968000,4359,MU,PROBE
SDO4844315,4066688000,2807,PROV,PROBE
SDO4844315,6661000100,5779,MU,PROBE
SDO4844315,1290530100,22501,MU,PROBE
SDO4844315,6076058299,1033,ASS,PROBE
SDO4844315,5328738000,25025,PROV,PROBE
SDO4844315,4031610100,5415,MU,PROBE
SDO4844315,3301449000,2465,MU,PROBE
SDO4844315,4392908166,5029,PROV,PROBE
SDO4844315,4897859000,7378,MU,PROBE
SDO4844315,26059000,123,ASS,PROBE
SDO4844315,5256702100,6435,PROV,PROBE
SDO4844315,1663629000,1183,ASS,PROBE
SDO4844315,3246041043,2812,MU,PROBE
SDO4844315,1023069000,8692,MU,PROBE
SDO4844315,4744078000,3442,ASS,PROBE
SDO4844315,7848606218,998,MU,PROBE
SDO4844315,8838131100,4571,ASS,PROBE
SDO4844315,1123750100,800,PROV,PROBE
SDO4844315,2768819000,5212,PROV,PROBE
SDO4844315,8580271100,8500,ASS,PROBE
SDO4844315,330330100,12699,PROV,PROBE
SDO4844315,8881870100,1226,ASS,PROBE
SDO4844315,2434898000,5193,MU,PROBE
SDO4844315,7642748000,5998,MU,PROBE
SDO4844315,1803148000,2495,ASS,PROBE
SDO4844315,4545470100,9680,MU,PROBE
SDO4844315,2954210100,6830,MU,PROBE
SDO4844315,2281019000,5862,PROV,PROBE
SDO4844315,1434898000,6945,MU,PROBE
SDO4844315,1119378000,9008,PROV,PROBE
SDO4844315,961049000,5095,MU,PROBE
SDO4844315,1095840100,7515,MU,PROBE
SDO4844315,4169774486,2280,MU,PROBE
SDO4844315,8851610100,5285,PROV,PROBE
SDO4844315,7110800100,5239,MU,PROBE
SDO4844315,4652159000,7755,MU,PROBE
SDO4844315,7038579000,7595,PROV,PROBE
SDO4844315,7750778000,8989,PROV,PROBE
SDO4844315,3111968000,6925,PROV,PROBE
SDO4844315,181349000,7755,PROV,PROBE
SDO4844315,9723419157,98,ASS,PROBE
SDO4844315,3497828000,5016,ASS,PROBE
SDO4844315,8315109000,7045,PROV,PROBE
SDO4844315,946398000,8065,PROV,PROBE
SDO4844315,488638000,7881,MU,PROBE
SDO4844315,6839606524,9357,PROV,PROBE
SDO4844315,2099320100,5600,ASS,PROBE
SDO4844315,8130548000,2530,ASS,PROBE
SDO4844315,8875610100,7109,PROV,PROBE
SDO4844315,6895512100,5399,MU,PROBE
SDO4844315,7225610100,7590,PROV,PROBE
SDO4844315,1898675465,0,ASS,PROBE
SDO4844315,8115588000,8980,PROV,PROBE
SDO4844315,7325657240,0,ASS,PROBE
SDO4844315,3991638000,6340,PROV,PROBE
SDO4844315,3807909000,7690,MU,PROBE
SDO4844315,2126448000,8995,PROV,PROBE
SDO4844315,3282940100,8895,PROV,PROBE
SDO4844315,6804019000,6783,PROV,PROBE
SDO4844315,6773123023,0,ASS,PROBE
SDO4844315,8442151100,3820,ASS,PROBE
SDO4844315,7685398000,7292,PROV,PROBE
SDO4844315,3125180100,9520,PROV,PROBE
SDO4844315,7419068000,9688,ASS,PROBE
SDO4844315,3564389000,7926,PROV,PROBE
SDO4844315,1567370100,5845,PROV,PROBE
SDO4844315,7092638000,7665,PROV,PROBE
SDO4844315,6400750100,5506,ASS,PROBE
SDO4844315,7599180100,8380,PROV,PROBE
SDO4844315,3288588000,7570,MU,PROBE
SDO4844315,6889199000,9195,PROV,PROBE
SDO4844315,6508859000,9880,PROV,PROBE
SDO4844315,8059059000,5788,PROV,PROBE
SDO4844315,3331321746,1843,PROV,PROBE
SDO4844315,9878840100,6450,ASS,PROBE
SDO4844315,425959000,10365,PROV,PROBE
SDO4844315,2938588000,3855,ASS,PROBE
SDO4844315,8595819000,7810,PROV,PROBE
SDO4844315,2601190100,6743,0,PROBE
SDO4844315,7430019000,7535,PROV,PROBE
SDO4844315,1178230100,10080,PROV,PROBE
SDO4844315,7989700100,6270,ASS,PROBE
SDO4844315,5158859000,10650,MU,PROBE
SDO4844315,3066778000,11179,PROV,PROBE
SDO4844315,1473398000,800,ASS,PROBE
SDO4844315,2947629000,9048,PROV,PROBE
SDO4844315,7694439000,439,ASS,PROBE
SDO4844315,2073579000,5015,ASS,PROBE
SDO4844315,5423019000,9658,PROV,PROBE
SDO4844315,3897828000,9997,PROV,PROBE
SDO4844315,5819669000,12500,MU,PROBE
SDO4844315,2574439000,6900,ASS,PROBE
SDO4844315,1712769000,11985,PROV,PROBE
SDO4844315,7025968000,7594,PROV,PROBE
SDO4844315,7755389000,4740,ASS,PROBE
SDO4844315,4369059000,48832,CEIL,PROBE
SDO4844315,6000498000,8050,MU,PROBE
SDO4844315,518999000,5806,PROV,PROBE
SDO4844315,9671370100,8529,PROV,PROBE
SDO4844315,8680968000,9155,PROV,PROBE
SDO4844315,328999000,625,ASS,PROBE
SDO4844315,6768439000,9620,PROV,PROBE
SDO4844315,5987588000,12235,PROV,PROBE
SDO4844315,641161190,6045,PROV,PROBE
SDO4844315,8699700100,8761,MU,PROBE
SDO4844315,7166769000,8375,PROV,PROBE
SDO4844315,6904019000,10099,PROV,PROBE
SDO4844315,342769000,970,ASS,PROBE
SDO4844315,9787258000,8747,PROV,PROBE
SDO4844315,8273750100,9265,PROV,PROBE
SDO4844315,1051610100,4845,ASS,PROBE
SDO4844315,8962778000,6360,ASS,PROBE
SDO4844315,229439000,7785,PROV,PROBE
SDO4844315,7283168000,6385,ASS,PROBE
SDO4844315,8324040100,650,ASS,PROBE
SDO4844315,874968000,9589,MU,PROBE
SDO4844315,556840100,10170,PROV,PROBE
SDO4844315,7107249000,6007,PROV,PROBE
SDO4844315,7035610100,9362,MU,PROBE
SDO4844315,2328999000,10145,PROV,PROBE
SDO4844315,2173196126,2898,PROV,PROBE
SDO4844315,5889669000,11985,PROV,PROBE
SDO4844315,9563199000,6766,ASS,PROBE
SDO4844315,685819000,9609,PROV,PROBE
SDO4844315,7113420100,4060,ASS,PROBE
SDO4844315,428109000,356,ASS,PROBE
SDO4844315,4026059000,9804,PROV,PROBE
SDO4844315,4075180100,16997,PROV,PROBE
SDO4844315,3892047030,1515,PROV,PROBE
